time_s,pull_point_y_m,displacement_m,displacement_in,applied_force_n,applied_force_lbf,target_pull_y_m,commanded_displacement_m,commanded_displacement_in,base_center_y_m,base_bottom_y_m,base_top_y_m
0.0,0.36798455479950953,-0.00022369985808279313,-0.00880708102688162,8.103020080516023,1.821631380218884,0.3682082546575923,0.0,0.0,-0.0003154401192627908,-0.0765154402192628,0.07588455998073722
0.004166666666666667,0.36765958915214925,-0.00054866550544308,-0.021601004151302363,16.972224922535645,3.8155079468907176,0.3683140879909257,0.00010583333333333332,0.004166666666666667,-0.0006403964389718707,-0.07684039653897189,0.07555960366102814
0.008333333333333333,0.36746945523239133,-0.0007387994252009977,-0.02908659154334637,24.243503429691646,5.450156383070204,0.368419921324259,0.00021166666666666664,0.008333333333333333,-0.000829178937276814,-0.07702917903727682,0.0753708211627232
0.0125,0.36379819070047476,-0.0044100639571175715,-0.17362456524084927,7.636597353884475,1.7167753800070253,0.36852575465759235,0.0003175,0.0125,-0.0009837411510033025,-0.07718374125100332,0.07521625894899671
0.016666666666666666,0.3358739237170901,-0.032334330940502254,-1.273005155137884,26.09381639697012,5.866123285648302,0.36863158799092566,0.0004233333333333333,0.016666666666666666,0.0018502004107770927,-0.07434979968922292,0.0780502005107771
0.020833333333333332,0.2729698394383477,-0.09523841521924464,-3.749543906269474,-230.68613941722484,-51.86030719020556,0.368737421324259,0.0005291666666666666,0.020833333333333332,0.002670787124788144,-0.07352921297521187,0.07887078722478816
0.025,0.19939022018156227,-0.16881803447603005,-6.646379310079924,444.79589350286585,99.99409471359942,0.3688432546575923,0.000635,0.025,0.00915873413872455,-0.06704126596127546,0.08535873423872456
0.029166666666666667,0.31619311706048836,-0.052015137597103966,-2.047840062878109,-505.7952814937638,-113.70730265758003,0.3689490879909257,0.0007408333333333334,0.02916666666666667,0.01968086003054756,-0.05651914006945245,0.09588086013054757
0.03333333333333333,0.2397357812373524,-0.12847247342023993,-5.057971394497636,-417.58790752645547,-93.87749614236299,0.369054921324259,0.0008466666666666666,0.03333333333333333,0.04921042607305043,-0.026989574026949584,0.12541042617305043
0.0375,0.3638416602994236,-0.004366594358168718,-0.17191316370742987,-1875.6224901123346,-421.6567096567441,0.36916075465759235,0.0009524999999999999,0.0375,0.06675420369091334,-0.009445796409086674,0.14295420379091334
0.041666666666666664,0.2889046298573067,-0.07930362480028563,-3.122189952767151,-726.6898818440293,-163.3663842988201,0.36926658799092565,0.0010583333333333332,0.041666666666666664,0.09837927469300471,0.0221792745930047,0.17457927479300472
0.04583333333333333,0.41455229173710983,0.04634403707951751,1.8245683889573823,-2167.8694892927024,-487.35644866662915,0.369372421324259,0.0011641666666666664,0.04583333333333332,0.11746483512859958,0.04126483502859957,0.1936648352285996
0.05,0.3402381086165376,-0.027970146041054744,-1.1011868520100294,-969.3147606273011,-217.91062686785304,0.3694782546575923,0.00127,0.05,0.1497127534522356,0.07351275335223557,0.2259127535522356
0.05416666666666667,0.4659068269526774,0.09769857229508505,3.8464004840584667,-2356.382587394085,-529.7358790113076,0.3695840879909257,0.0013758333333333333,0.05416666666666667,0.16881937034416708,0.09261937024416707,0.2450193704441671
0.058333333333333334,0.3910443380706364,0.02283608341304405,0.8990584020883485,-1126.5238055012467,-253.25262609172523,0.369689921324259,0.0014816666666666667,0.05833333333333334,0.2005189829063344,0.1243189828063344,0.2767189830063344
0.0625,0.5157722661288509,0.14756401147125853,5.80960675083695,-2474.954261748201,-556.3918518044538,0.36979575465759235,0.0015875,0.0625,0.21868480952034056,0.14248480942034053,0.2948848096203406
0.06666666666666667,0.43960974307434814,0.07140148841675581,2.8110822211321187,-1221.7611174718188,-274.66282553951453,0.36990158799092565,0.0016933333333333331,0.06666666666666667,0.24908438791004617,0.17288438781004617,0.32528438801004617
0.07083333333333333,0.5627940433883445,0.19458578873075216,7.660857824045361,-2542.8860143659645,-571.6635173133839,0.370007421324259,0.0017991666666666666,0.07083333333333333,0.26570658677983416,0.18950658667983417,0.34190658687983416
0.075,0.48487771315228434,0.11666945849469201,4.59328576750756,-1272.2841539680396,-286.02085597643264,0.3701132546575923,0.0019049999999999998,0.075,0.29435235798798237,0.21815235788798237,0.37055235808798237
0.07916666666666666,0.6061694328868004,0.23796117822920804,9.368550323984568,-2574.3753350166908,-578.7425982078106,0.3702190879909257,0.0020108333333333332,0.07916666666666666,0.3090819762782901,0.2328819761782901,0.3852819763782901
0.08333333333333333,0.5262549163196255,0.15804666166203318,6.222309514253276,-1290.7743131473128,-290.1776091192758,0.370324921324259,0.0021166666666666664,0.08333333333333333,0.3357295611553235,0.2595295610553235,0.4119295612553235
0.0875,0.6454825245154572,0.27727426985786485,10.916309836923814,-2579.853090032265,-579.9740465234225,0.37043075465759234,0.0022224999999999996,0.0875,0.3483950679069469,0.2721950678069469,0.4245950680069469
0.09166666666666666,0.563470599157653,0.19526234450006064,7.687493877955143,-1286.5411253265356,-289.2259506393431,0.37053658799092565,0.002328333333333333,0.09166666666666665,0.372945243993351,0.296745243893351,0.449145244093351
0.09583333333333333,0.6805846470887389,0.31237639243114657,12.298283166580575,-2566.9781680748056,-577.0796489256712,0.370642421324259,0.0024341666666666665,0.09583333333333333,0.3834971904802286,0.3072971903802286,0.4596971905802286
0.1,0.59647488337835,0.22826662872075765,8.986875146486522,-1266.4150925610027,-284.70143848452767,0.3707482546575923,0.00254,0.1,0.405949528214048,0.329749528114048,0.482149528314048
0.10416666666666667,0.711508153592241,0.34329989893464863,13.515744052545221,-2541.3728269237954,-571.3233392437976,0.3708540879909257,0.0026458333333333334,0.10416666666666667,0.4144206969837307,0.3382206968837307,0.4906206970837307
0.10833333333333334,0.625365629657356,0.25715737499976365,10.1243061023529,-1235.4065266545417,-277.7304355560495,0.370959921324259,0.0027516666666666666,0.10833333333333334,0.434840274493054,0.358640274393054,0.511040274593054
0.1125,0.7384046010962737,0.3701963464386814,14.574659308609503,-2507.1644028997907,-563.6329795938445,0.37106575465759234,0.0028575,0.1125,0.4413171444877634,0.3651171443877634,0.5175171445877634
0.11666666666666667,0.6503361559927011,0.2821279013351088,11.107397690358614,-1197.190353023467,-269.1390979527215,0.37117158799092564,0.0029633333333333334,0.11666666666666668,0.45981080082839915,0.38361080072839915,0.5360108009283991
0.12083333333333333,0.7615007106768367,0.39329245601924434,15.483954961387573,-2467.3834665945315,-554.6898693475307,0.371277421324259,0.0030691666666666667,0.12083333333333333,0.4644132540683264,0.3882132539683264,0.5406132541683264
0.125,0.6716381322414372,0.3034298775838449,11.946058172592318,-1154.462155394642,-259.53341700321744,0.3713832546575923,0.003175,0.125,0.48111277707713523,0.40491277697713524,0.5573127771771352
0.12916666666666665,0.781067244922091,0.4128589902644987,16.254290955295225,-2424.255952977112,-544.9944185926678,0.37148908799092567,0.0032808333333333327,0.12916666666666665,0.4839797883135808,0.4077797882135808,0.5601797884135808
0.13333333333333333,0.6895554820073264,0.3213472273497341,12.651465643690319,-1109.199215831477,-249.3579033984231,0.371594921324259,0.0033866666666666663,0.13333333333333333,0.4990301268430244,0.4228301267430244,0.5752301269430244
0.1375,0.7973972374624327,0.4291889828048404,16.897204047434663,-2379.4171525137867,-534.9142552506358,0.37170075465759234,0.0034925,0.1375,0.5003097808539224,0.4241097807539224,0.5765097809539225
0.14166666666666666,0.7043862383673782,0.3361779837097859,13.23535368936165,-1062.8515835836808,-238.93854117760858,0.37180658799092564,0.003598333333333333,0.14166666666666666,0.5138608832030762,0.4376608831030762,0.5900608833030763
0.14583333333333334,0.8107909659979371,0.44258271134034477,17.424516194501763,-2334.068215083432,-524.7194085562097,0.371912421324259,0.003704166666666667,0.14583333333333334,0.5137035093894268,0.4375035092894268,0.5899035094894268
0.15,0.7164301222436731,0.34822186758608076,13.709522345908692,-1016.4817007893066,-228.51417683493446,0.3720182546575923,0.0038099999999999996,0.15,0.5259047670793712,0.4497047669793712,0.6021047671793712
0.15416666666666667,0.821545765352109,0.45333751069451667,17.847933491910105,-2289.090438722872,-514.6080021896041,0.37212408799092567,0.003915833333333334,0.15416666666666667,0.5244583087435988,0.4482583086435988,0.6006583088435988
0.15833333333333333,0.7259867653187311,0.35777851066113875,14.085768136265306,-970.8662835478676,-218.25942309582103,0.37222992132425897,0.0040216666666666664,0.15833333333333333,0.535461410154429,0.45926141005442905,0.6116614102544291
0.1625,0.8299693704270763,0.461761115769484,18.17957148698756,-2245.6586404728464,-504.84414552808346,0.37233575465759233,0.0041275,0.1625,0.532881913818566,0.456681913718566,0.609081913918566
0.16666666666666666,0.733368011309719,0.36515975665212663,14.37636837213097,-927.5203651088617,-208.5148729838493,0.37244158799092564,0.004233333333333333,0.16666666666666666,0.5428426561454169,0.46664265604541694,0.619042656245417
0.17083333333333334,0.836372212126061,0.4681639574684687,18.431651868837353,-2204.939280511363,-495.6900692514339,0.372547421324259,0.0043391666666666665,0.17083333333333334,0.5392847555175507,0.46308475541755073,0.6154847556175508
0.175,0.7388725800504656,0.3706643253928733,14.593083676884776,-887.2857661388083,-199.46977531333926,0.3726532546575923,0.004444999999999999,0.175,0.5483472248861636,0.4721472247861636,0.6245472249861637
0.17916666666666667,0.8410333759193547,0.47282512126176235,18.615162254400094,-2167.0060511480724,-487.1623400499027,0.37275908799092566,0.004550833333333333,0.17916666666666667,0.5439459193108445,0.46774591921084446,0.6201459194108445
0.18333333333333332,0.7427608326667638,0.3745525780091715,14.746164488550061,-849.7777700011505,-191.03764234383354,0.37286492132425897,0.004656666666666666,0.1833333333333333,0.5522354775024618,0.4760354774024618,0.6284354776024619
0.1875,0.8441962410650847,0.4759879864074924,18.739684504231985,-2131.5628129065144,-479.19438312077654,0.37297075465759233,0.004762499999999999,0.18749999999999997,0.5471087844565745,0.4709087843565745,0.6233087845565746
0.19166666666666665,0.7452608234311169,0.37705256877352455,14.844589321792306,-814.7375408124647,-183.1602854539433,0.37307658799092563,0.004868333333333333,0.19166666666666665,0.5547354682668149,0.47853546816681486,0.6309354683668149
0.19583333333333333,0.8460748486947012,0.47786659403710885,18.813645434531846,-2098.412398935563,-471.7418735926395,0.373182421324259,0.004974166666666667,0.19583333333333333,0.548987392086191,0.47278739198619096,0.625187392186191
0.2,0.7465738210873913,0.378365566429799,14.896282142905473,-781.9920435634631,-175.79880482611128,0.3732882546575923,0.00508,0.2,0.5560484659230893,0.4798484658230893,0.6322484660230894
0.20416666666666666,0.8468586907190334,0.4786504360614411,18.84450535674965,-2067.42404466614,-464.7754144209221,0.37339408799092566,0.005185833333333333,0.20416666666666666,0.5497712341105231,0.4735712340105231,0.6259712342105231
0.20833333333333334,0.7468784788114791,0.37867022415388674,14.908276541491604,-751.4251807405177,-168.92710070100225,0.373499921324259,0.005291666666666667,0.20833333333333334,0.5563531236471772,0.48015312354717715,0.6325531237471772
0.2125,0.8467163445563635,0.47850808989877114,18.838901177116973,-2038.5100122642712,-458.2752813558988,0.3736057546575923,0.0053974999999999995,0.2125,0.5496288879478533,0.47342888784785325,0.6258288880478533
0.21666666666666667,0.7463340165900403,0.37812576193244796,14.88684102096252,-722.9571312945653,-162.52722859293917,0.3737115879909257,0.005503333333333333,0.21666666666666667,0.5558086614257383,0.47960866132573826,0.6320086615257383
0.22083333333333333,0.8457982645105497,0.4775900098529574,18.80275629342352,-2011.608941793205,-452.22768013503986,0.373817421324259,0.005609166666666666,0.22083333333333333,0.5487108079020394,0.4725108078020394,0.6249108080020395
0.225,0.7450826821127523,0.37687442745516,14.837575884061417,-696.5296924519446,-156.5861039978897,0.37392325465759235,0.005715,0.225,0.5545573269484504,0.4783573268484504,0.6307573270484504
0.22916666666666666,0.844238957167982,0.4760307025103897,18.741366240566524,-1986.6741258553402,-446.6221105176554,0.37402908799092566,0.005820833333333333,0.22916666666666669,0.5471515005594717,0.4709515004594717,0.6233515006594718
0.23333333333333334,0.7432516848091915,0.37504343015159913,14.76548937604721,-672.0960155257325,-151.0931949120611,0.374134921324259,0.005926666666666667,0.23333333333333336,0.5527263296448895,0.47652632954488955,0.6289263297448896
0.2375,0.8421587070812426,0.4739504524236503,18.659466630852375,-1963.665387204278,-441.44954029944597,0.3742407546575923,0.0060325,0.2375,0.5450712504727324,0.4688712503727324,0.6212712505727325
0.24166666666666667,0.7409547453070067,0.37274649064941434,14.675058686984817,-649.613556322761,-146.03893702035222,0.3743465879909257,0.006138333333333333,0.24166666666666667,0.5504293901427048,0.47422939004270476,0.6266293902427048
0.24583333333333332,0.8396649742174094,0.47145671955981705,18.561288171646343,-1942.5435901884553,-436.70117143594615,0.374452421324259,0.006244166666666666,0.24583333333333332,0.5425775176088992,0.46637751750889916,0.6187775177088992
0.25,0.7382933641883611,0.3700851095307688,14.570279902786174,-629.0393737005556,-141.41367676990785,0.37455825465759235,0.00635,0.25,0.5477680090240592,0.4715680089240592,0.6239680091240593
0.25416666666666665,0.8368535517811404,0.4686452971235481,18.450602248958585,-1923.267073236157,-432.3676380332508,0.37466408799092565,0.0064558333333333325,0.25416666666666665,0.5397660951726301,0.4635660950726301,0.6159660952726301
0.2583333333333333,0.7353578857309655,0.3671496310733732,14.454709884778472,-610.327138403907,-137.20699892982975,0.374769921324259,0.006561666666666665,0.2583333333333333,0.5448325305666635,0.4686325304666635,0.6210325306666635
0.2625,0.8338095488845492,0.46560129422695684,18.330759615234523,-1905.7894770244438,-428.4385181009669,0.3748757546575923,0.0066675,0.2625,0.5367220922760388,0.46052209217603884,0.6129220923760389
0.26666666666666666,0.7322284116110525,0.36402015695346013,14.33150224226221,-593.4253816156178,-133.4073328497212,0.3749815879909257,0.006773333333333333,0.26666666666666666,0.5417030564467504,0.46550305634675043,0.6179030565467505
0.2708333333333333,0.8306082448006469,0.46239999014305455,18.204724021380102,-1890.0585803217232,-424.902071839213,0.375087421324259,0.006879166666666666,0.2708333333333333,0.5335207881921366,0.45732078809213655,0.6097207882921366
0.275,0.7289756043287254,0.3607673496711331,14.203438963430438,-578.2766353863558,-130.0017592206307,0.37519325465759235,0.006985,0.275,0.5384502491644234,0.4622502490644234,0.6146502492644235
0.2791666666666667,0.8273158485059375,0.4591075938483452,18.075102120013593,-1876.0158563731716,-421.7451419100941,0.37529908799092565,0.0070908333333333335,0.2791666666666667,0.5302283918974272,0.4540283917974272,0.6064283919974273
0.2833333333333333,0.7256614089373212,0.3574531542797289,14.072958829910588,-564.8172073539619,-126.9759594299377,0.375404921324259,0.007196666666666666,0.2833333333333333,0.5351360537730193,0.4589360536730193,0.6113360538730194
0.2875,0.8239901876480782,0.45578193299048586,17.944170590176608,-1863.5965369788946,-418.9531678430454,0.3755107546575923,0.007302499999999999,0.2875,0.5269027310395679,0.45070273093956786,0.6031027311395679
0.2916666666666667,0.7223397134534757,0.35413145879588337,13.942183417160763,-552.9773986931416,-124.31426455839248,0.3756165879909257,0.007408333333333334,0.2916666666666667,0.5318143582891737,0.4556143581891737,0.6080143583891737
0.29583333333333334,0.8206813440560323,0.45247308939844,17.813901157418897,-1852.7300262612873,-416.5102790534352,0.375722421324259,0.007514166666666666,0.29583333333333334,0.523593887447522,0.447393887347522,0.599793887547522
0.3,0.7190569623130698,0.3508487076554775,13.812941246278642,-542.6820234246273,-121.99977212545991,0.37582825465759234,0.007619999999999999,0.3,0.5285316071487679,0.4523316070487679,0.604731607248768
0.30416666666666664,0.8174322477747933,0.44922399311720096,17.685983980992166,-1843.3405467394864,-414.3994400858801,0.37593408799092565,0.007725833333333332,0.30416666666666664,0.5203447911662831,0.4441447910662831,0.5965447912662831
0.30833333333333335,0.7158527328469384,0.3476444781893461,13.686790479895516,-533.8511236952291,-120.01450689067183,0.376039921324259,0.007831666666666667,0.30833333333333335,0.5253273776826365,0.4491273775826365,0.6015273777826365
0.3125,0.8142792378633277,0.44607098320573535,17.561849732509266,-1835.347930517618,-412.6026284804379,0.3761457546575923,0.0079375,0.3125,0.5171917812548174,0.44099178115481735,0.5933917813548174
0.31666666666666665,0.7127602815572596,0.34455202689966724,13.565040429120758,-526.4008027948576,-118.33960812330345,0.3762515879909257,0.008043333333333333,0.31666666666666665,0.5222349263929575,0.44603492629295755,0.5984349264929576
0.3208333333333333,0.8112525954810694,0.4430443408234771,17.44269058360146,-1828.668490914316,-411.1010307227193,0.376357421324259,0.008149166666666666,0.3208333333333333,0.5141651388725592,0.4379651387725592,0.5903651389725593
0.325,0.709807064669886,0.34159881001229364,13.448772047728097,-520.244117967943,-116.95553031436498,0.37646325465759234,0.008255,0.325,0.519281709505584,0.44308170940558406,0.5954817096055841
0.32916666666666666,0.8083770528380156,0.4401687981804233,17.329480243323754,-1823.2159267318655,-409.8752455316777,0.37656908799092564,0.008360833333333333,0.32916666666666666,0.5112895962295053,0.4350895961295053,0.5874895963295054
0.3333333333333333,0.7070152357896555,0.3388069811320632,13.338857524884379,-515.2919903047059,-115.84224772829637,0.376674921324259,0.008466666666666666,0.3333333333333333,0.5164898806253536,0.4402898805253536,0.5926898807253537
0.3375,0.805672280198664,0.43746402554107167,17.222993131538257,-1818.902224059176,-408.90548659298275,0.3767807546575923,0.0085725,0.3375,0.5085848235901537,0.43238482349015367,0.5847848236901537
0.3416666666666667,0.7044021223247379,0.33619386766714554,13.235979042013604,-511.4541004789653,-114.97945577283738,0.37688658799092567,0.008678333333333333,0.3416666666666667,0.513876767160436,0.43767676706043596,0.590076767260436
0.3458333333333333,0.8031533521642409,0.43494509750664856,17.12382273648223,-1815.6385301032801,-408.1717790041559,0.376992421324259,0.008784166666666666,0.3458333333333333,0.5060658955557307,0.4298658954557307,0.5822658956557307
0.35,0.7019806815459837,0.33377242688839137,13.140646727889425,-508.639747797973,-114.34676412111286,0.37709825465759234,0.008889999999999999,0.35,0.5114553263816817,0.4352553262816817,0.5876553264816817
0.3541666666666667,0.800831193801993,0.43262293914440064,17.032399178913412,-1813.335980840412,-407.6541453379349,0.37720408799092564,0.008995833333333333,0.3541666666666667,0.5037437371934826,0.42754373709348265,0.5799437372934827
0.35833333333333334,0.6997599366139995,0.33155168195640716,13.0532158250554,-506.7586566532724,-113.92387800899795,0.377309921324259,0.009101666666666666,0.35833333333333334,0.5092345814496975,0.43303458134969747,0.5854345815496975
0.3625,0.7987130067636683,0.43050475210607597,16.949005988428187,-1811.9064698509146,-407.3327784832361,0.3774157546575923,0.009207499999999999,0.3625,0.5016255501551581,0.4254255500551581,0.5778255502551581
0.36666666666666664,0.6977453925701314,0.329537137912539,12.973903067422796,-505.7217195297346,-113.69076527019426,0.37752158799092567,0.009313333333333331,0.3666666666666666,0.5072200374058294,0.43102003730582944,0.5834200375058295
0.37083333333333335,0.7968026752770438,0.4285944206194515,16.873796087379983,-1811.2633499795986,-407.18819938467897,0.37762742132425897,0.009419166666666666,0.37083333333333335,0.49971521866853363,0.42351521856853364,0.5759152187685337
0.375,0.6959394320951866,0.3277311774375943,12.90280226132261,-505.4416696251001,-113.62780754711812,0.37773325465759233,0.009524999999999999,0.37499999999999994,0.5054140769308847,0.4292140768308847,0.5816140770308847
0.37916666666666665,0.7951011517590572,0.42689289710146483,16.806806972498617,-1811.3220627596368,-407.2013985427058,0.37783908799092564,0.009630833333333333,0.37916666666666665,0.4980136951505469,0.4218136950505469,0.5742136952505469
0.3833333333333333,0.6943416907521733,0.326133436094581,12.839899058841773,-505.83367913711504,-113.71593479119934,0.377944921324259,0.009736666666666666,0.3833333333333333,0.5038163355878713,0.4276163354878713,0.5800163356878714
0.3875,0.7936068217526433,0.425398567095051,16.747975082482323,-1812.0006930863726,-407.3539607092149,0.3780507546575923,0.0098425,0.3875,0.4965193651441331,0.4203193650441331,0.5727193652441331
0.39166666666666666,0.6929494114169443,0.324741156759352,12.785084911785512,-506.8158815983445,-113.93674268841856,0.37815658799092566,0.009948333333333333,0.39166666666666666,0.5024240562526424,0.4262240561526424,0.5786240563526425
0.3958333333333333,0.792315847906033,0.4241075932484407,16.697149340489794,-1813.2204486000835,-407.62817265709265,0.37826242132425897,0.010054166666666666,0.3958333333333333,0.4952283912975227,0.4190283911975227,0.5714283913975228
0.4,0.6917577776410377,0.3235495229834454,12.73817019619864,-508.3098184353123,-114.27259304979545,0.37836825465759233,0.01016,0.4,0.5012324224767358,0.42503242237673583,0.5774324225767359
0.4041666666666667,0.7912224927736319,0.42301423811603955,16.654103862836205,-1814.9060647621172,-408.0071142449517,0.37847408799092563,0.010265833333333333,0.4041666666666667,0.4941350361651216,0.4179350360651216,0.5703350362651216
0.4083333333333333,0.69076022576731,0.3225519711097177,12.698896500382586,-510.2408113142893,-114.7066975180519,0.378579921324259,0.010371666666666666,0.4083333333333333,0.500234870603008,0.424034870503008,0.576434870703008
0.4125,0.7903194203069765,0.4221111656493842,16.618549828715913,-1816.986137782991,-408.4747332623451,0.3786857546575923,0.010477499999999999,0.4125,0.4932319636984663,0.4170319635984663,0.5694319637984663
0.4166666666666667,0.689948735718366,0.3217404810607737,12.666948073258807,-512.5382628977479,-115.22318518035264,0.37879158799092566,0.010583333333333333,0.4166666666666667,0.499423380554064,0.423223380454064,0.575623380654064
0.42083333333333334,0.789597976011521,0.4213897213539287,16.590146509997194,-1819.3933884563446,-409.01590474199855,0.37889742132425897,0.010689166666666666,0.42083333333333334,0.4925105194030108,0.41631051930301083,0.5687105195030109
0.425,0.6893141004906223,0.3211058458330299,12.641962434371257,-515.1358894387478,-115.80715485760334,0.3790032546575923,0.010794999999999999,0.425,0.49878874532632034,0.42258874522632034,0.5749887454263204
0.42916666666666664,0.7890484458617542,0.42084019120416183,16.568511464730783,-1822.0648606239777,-409.6164755765252,0.3791090879909257,0.010900833333333332,0.42916666666666664,0.49196098925324394,0.41576098915324394,0.568160989353244
0.43333333333333335,0.688846174505773,0.3206379198481807,12.623540151503176,-517.9718892354706,-116.4447129745364,0.379214921324259,0.011006666666666666,0.43333333333333335,0.4983208193414711,0.4221208192414711,0.5745208194414712
0.4375,0.7886602941870193,0.420452039529427,16.553229902733346,-1824.942058486765,-410.26329538714805,0.37932075465759235,0.011112499999999999,0.4375,0.49157283757850906,0.41537283747850906,0.5677728376785091
0.44166666666666665,0.688534101090972,0.3203258464333797,12.611253796589752,-520.9890513933509,-117.1229980104108,0.37942658799092566,0.011218333333333332,0.44166666666666665,0.4980087459266701,0.4218087458266701,0.5742087460266702
0.4458333333333333,0.7884223808586681,0.4202141262010758,16.543863236262826,-1827.9710273168712,-410.94423466852703,0.379532421324259,0.011324166666666665,0.44583333333333325,0.4913349242501578,0.4151349241501578,0.5675349243501578
0.45,0.6883665194750885,0.3201582648174962,12.604656095177017,-524.1348096281099,-117.83019259441508,0.3796382546575923,0.01143,0.45,0.4978411643107866,0.4216411642107866,0.5740411644107867
0.45416666666666666,0.7883231582222996,0.42011490356470726,16.53995683325619,-1831.1023823442715,-411.6481912827078,0.3797440879909257,0.011535833333333332,0.4541666666666666,0.4912357016137893,0.4150357015137893,0.5674357017137893
0.4583333333333333,0.6883317517979306,0.3201234971403383,12.603287288989696,-527.3612460135206,-118.55552434819865,0.379849921324259,0.011641666666666666,0.45833333333333337,0.49780639663362863,0.42160639653362864,0.5740063967336286
0.46249999999999997,0.788350848324266,0.4201425936666737,16.541046994750936,-1834.2912907059426,-412.3650864011378,0.37995575465759235,0.0117475,0.46249999999999997,0.4912633917157557,0.41506339161575573,0.5674633918157558
0.4666666666666667,0.6884179707302042,0.32020971607261184,12.6066817351422,-530.6250496524477,-119.28925659475179,0.38006158799092565,0.011853333333333334,0.46666666666666673,0.4978926155659022,0.4216926154659022,0.5740926156659022
0.4708333333333333,0.7884936010775629,0.4202853464199706,16.54666718188861,-1837.4974113763105,-413.08585100049424,0.380167421324259,0.011959166666666667,0.4708333333333333,0.4914061444690527,0.4152061443690527,0.5676061445690527
0.475,0.6886133483927007,0.3204050937351084,12.614373769098757,-533.8874352446754,-120.02267005172517,0.3802732546575923,0.012065,0.475,0.49808799322839875,0.42188799312839875,0.5742879933283987
0.4791666666666667,0.7887396340974742,0.42053137943988184,16.55635352125519,-1840.6847979568306,-413.8024040089121,0.3803790879909257,0.012170833333333334,0.4791666666666667,0.49165217748896384,0.41545217738896384,0.5678521775889639
0.48333333333333334,0.6889061873428336,0.32069793268524127,12.625902861623672,-537.1140264538325,-120.74803661127152,0.380484921324259,0.012276666666666667,0.48333333333333334,0.49838083217853163,0.42218083207853163,0.5745808322785316
0.4875,0.7890773550111774,0.42086910035358505,16.569649620219884,-1843.8217691029504,-414.5076231768065,0.38059075465759235,0.0123825,0.4875,0.49198989840266716,0.41578989830266716,0.5681898985026672
0.49166666666666664,0.6892850344646565,0.32107677980706417,12.640818102640322,-540.2747088497165,-121.45858628016498,0.38069658799092565,0.012488333333333332,0.49166666666666664,0.49875967930035453,0.42255967920035453,0.5749596794003545
0.49583333333333335,0.7894954671076104,0.4212872124500181,16.586110726378667,-1846.8807512185933,-415.19530971318596,0.380802421324259,0.012594166666666667,0.49583333333333335,0.4924080104991001,0.4162080103991001,0.5686080105991002
0.5,0.6897387786547101,0.3215305239971178,12.658682047130622,-543.3434570316386,-122.14846831558295,0.3809082546575923,0.0127,0.5,0.49921342349040815,0.42301342339040815,0.5754134235904081
0.5041666666666667,0.7899830592441976,0.4217748045866053,16.605307267189186,-1849.8380978607256,-415.86014768618406,0.3810140879909257,0.012805833333333332,0.5041666666666667,0.4928956026356874,0.4166956025356874,0.5690956027356874
0.5083333333333333,0.6902567332405514,0.32204847858295904,12.679073959959018,-546.2981403316011,-122.81270754544272,0.381119921324259,0.012911666666666665,0.5083333333333333,0.49973137807624934,0.42353137797624935,0.5759313781762494
0.5125,0.7905296809657663,0.42232142630817393,16.62682780740842,-1852.6738900774972,-416.4976591372877,0.38122575465759234,0.013017499999999998,0.5125,0.493442224357256,0.417242224257256,0.569642224457256
0.5166666666666666,0.690828704101927,0.32262044944433466,12.701592497808452,-549.1203112609362,-123.4471568093141,0.38133158799092565,0.01312333333333333,0.5166666666666666,0.500303348937625,0.42410334883762496,0.576503349037625
0.5208333333333334,0.7911254038185218,0.4229171491609295,16.65028146302872,-1855.371721659857,-417.10415580397984,0.381437421324259,0.013229166666666667,0.5208333333333334,0.4940379472100115,0.4178379471100115,0.5702379473100115
0.525,0.6914450444867397,0.3232367898291474,12.725857867289267,-551.7949806071897,-124.04844639818731,0.3815432546575923,0.013335,0.525,0.5009196893224377,0.4247196892224377,0.5771196894224377
0.5291666666666667,0.7917608698588632,0.42355261520127085,16.675299811073657,-1857.9184730247962,-417.6766882866703,0.3816490879909257,0.013440833333333332,0.5291666666666667,0.49467341325035297,0.41847341315035297,0.570873413350353
0.5333333333333333,0.6920966975258214,0.32388844286822904,12.751513498749176,-554.3103828155591,-124.61393131012225,0.381754921324259,0.013546666666666665,0.5333333333333333,0.5015713423615193,0.42537134226151935,0.5777713424615194
0.5375,0.7924273283637508,0.4242190737061585,16.70153833488813,-1860.304077173851,-418.2129934340743,0.38186075465759234,0.0136525,0.5375,0.4953398717552405,0.4191398716552405,0.5715398718552406
0.5416666666666666,0.6927752274527814,0.3245669727951891,12.778227275401147,-556.6577350063777,-125.14163707522364,0.38196658799092564,0.013758333333333332,0.5416666666666666,0.5022498722884795,0.4260498721884795,0.5784498723884796
0.5458333333333333,0.7931166617470338,0.42490840708944144,16.7286774444662,-1862.5212808882197,-418.7114406577389,0.382072421324259,0.013864166666666665,0.5458333333333333,0.49602920513852344,0.41982920503852345,0.5722292052385235
0.55,0.6934728405286135,0.32526458587102114,12.805692357126818,-558.8309926916254,-125.63020483852813,0.3821782546575923,0.01397,0.55,0.5029474853643116,0.42674748526431155,0.5791474854643116
0.5541666666666667,0.7938214016754113,0.42561314701781894,16.756423110937753,-1864.5654040360416,-419.170977822167,0.38228408799092567,0.014075833333333334,0.5541666666666667,0.49673394506690094,0.42053394496690094,0.572933945166901
0.5583333333333333,0.6941823966561271,0.3259741419985348,12.83362763773759,-560.8266049634002,-126.07883632418321,0.382389921324259,0.014181666666666667,0.5583333333333333,0.5036570414918251,0.4274570413918251,0.5798570415918252
0.5625,0.7945347363593543,0.426326481701762,16.78450715361268,-1866.4340995818507,-419.591077292796,0.38249575465759234,0.0142875,0.5625,0.4974472797508441,0.4212472796508441,0.5736472798508441
0.5666666666666667,0.694897412647487,0.3266891579898946,12.861777873617898,-562.643271639171,-126.48723923952822,0.38260158799092564,0.014393333333333333,0.5666666666666667,0.5043720574831849,0.4281720573831849,0.580572057583185
0.5708333333333333,0.7952505099692261,0.42704225531163376,16.812687216993456,-1868.1271166062156,-419.9716826606938,0.382707421324259,0.014499166666666665,0.5708333333333333,0.4981630533607158,0.4219630532607158,0.5743630534607158
0.575,0.6956120580800229,0.3274038034224306,12.889913520568134,-564.2817045656068,-126.8555736140605,0.3828132546575923,0.014604999999999998,0.575,0.505086702915721,0.428886702815721,0.581286703015721
0.5791666666666666,0.7959632150958413,0.427754960438249,16.840746473946812,-1869.6460683678736,-420.313156600852,0.38291908799092567,0.014710833333333331,0.5791666666666666,0.4988757584873311,0.4226757583873311,0.5750757585873312
0.5833333333333334,0.6963211446418756,0.32811288998428323,12.91783031434186,-565.7443950073407,-127.18439950634918,0.38302492132425897,0.014816666666666667,0.5833333333333334,0.5057957894775735,0.42959578937757353,0.5819957895775736
0.5875,0.7966679791386517,0.4284597244810594,16.86849308980549,-1870.9942071736295,-420.6162302609261,0.38313075465759233,0.0149225,0.5875,0.4995805225301415,0.4233805224301415,0.5757805226301416
0.5916666666666667,0.6970201098307909,0.32881185517319855,12.945348628866086,-567.0353887814532,-127.47462645225609,0.38323658799092564,0.015028333333333333,0.5916666666666667,0.5064947546664889,0.43029475456648886,0.5826947547664889
0.5958333333333333,0.7973605454644341,0.4291522908068418,16.895759480584324,-1872.1762075648933,-420.88195451962986,0.383342421324259,0.015134166666666666,0.5958333333333333,0.5002730888559238,0.4240730887559238,0.5764730889559239
0.6,0.6977049958272807,0.3294967411696884,12.972312644475922,-568.1600705444022,-127.7274649707085,0.3834482546575923,0.015239999999999998,0.6,0.5071796406629788,0.4309796405629788,0.5833796407629789
0.6041666666666666,0.7980372501355952,0.4298289954780029,16.922401396771768,-1873.1979590855142,-421.1116533990915,0.38355408799092566,0.015345833333333331,0.6041666666666666,0.500949793527085,0.424749793427085,0.5771497936270851
0.6083333333333333,0.6983724243181642,0.3301641696605718,12.998589356715426,-569.1249583970795,-127.9443803890789,0.38365992132425897,0.015451666666666664,0.6083333333333333,0.5078470691538622,0.43164706905386224,0.5840470692538623
0.6125,0.7986949949607118,0.4304867403031195,16.948296862327542,-1874.066369664764,-421.3068798635895,0.38376575465759233,0.0155575,0.6125,0.5016075383522016,0.4254075382522016,0.5778075384522017
0.6166666666666667,0.6990195679989504,0.33081131334135805,13.024067454384175,-569.9375097466572,-128.12704919919193,0.3838715879909257,0.015663333333333335,0.6166666666666667,0.5084942128346484,0.43229421273464835,0.5846942129346484
0.6208333333333333,0.799331217571406,0.4311229629138137,16.97334499660684,-1874.7891804328742,-421.46937418842964,0.383977421324259,0.015769166666666667,0.6208333333333333,0.5022437609628957,0.4260437608628957,0.5784437610628957
0.625,0.6996441194342662,0.33143586477667386,13.048656093569837,-570.6059391516237,-128.27731810725945,0.3840832546575923,0.015875,0.625,0.5091187642699643,0.4329187641699643,0.5853187643699643
0.6291666666666667,0.799943859179769,0.43173560452217663,16.997464744967584,-1875.3747925850585,-421.6010250374287,0.38418908799092566,0.015980833333333333,0.6291666666666667,0.5028564025712586,0.42665640247125863,0.5790564026712587
0.6333333333333333,0.7002442579052,0.3320360032476076,13.072283592425498,-571.1390486794746,-128.39716589677212,0.384294921324259,0.016086666666666666,0.6333333333333333,0.509718902740898,0.43351890264089804,0.5859189028408981
0.6375,0.8005313306198647,0.4323230759622724,17.020593541821746,-1875.8321067237773,-421.70383334561876,0.3844007546575923,0.0161925,0.6375,0.5034438740113545,0.4272438739113545,0.5796438741113545
0.6416666666666666,0.7008186148216002,0.3326103601640079,13.094896069449131,-571.5460711250201,-128.4886681825732,0.38450658799092563,0.01629833333333333,0.6416666666666666,0.5102932596572983,0.4340932595572983,0.5864932597572984
0.6458333333333334,0.8010924772259336,0.43288422256834125,17.04268592788745,-1876.1703749383666,-421.7798790654249,0.384612421324259,0.016404166666666668,0.6458333333333334,0.5040050206174234,0.42780502051742336,0.5802050207174234
0.65,0.7013662382265409,0.33315798356894855,13.116456046021597,-571.8365262713484,-128.5539650970372,0.38471825465759235,0.01651,0.65,0.510840883062239,0.43464088296223896,0.587040883162239
0.6541666666666667,0.801626543049242,0.43341828839164964,17.06371214140353,-1876.3990657259008,-421.83129079966716,0.38482408799092566,0.016615833333333333,0.6541666666666667,0.5045390864407318,0.42833908634073176,0.5807390865407318
0.6583333333333333,0.7018865568698118,0.3336783022122195,13.136941031977146,-572.020090224932,-128.5952319154336,0.384929921324259,0.016721666666666666,0.6583333333333333,0.5113612017055099,0.4351612016055099,0.58756120180551
0.6625,0.8021331348655414,0.43392488020794906,17.083656701100356,-1876.5277417172106,-421.8602183132759,0.3850357546575923,0.0168275,0.6625,0.5050456782570312,0.4288456781570312,0.5812456783570312
0.6666666666666666,0.7023793442778088,0.33417108962021647,13.156342111032146,-572.1064777209696,-128.61465259711485,0.3851415879909257,0.01693333333333333,0.6666666666666666,0.5118539891135069,0.4356539890135069,0.5880539892135069
0.6708333333333333,0.8026121863761657,0.4344039317185734,17.10251699679423,-1876.5659500468807,-421.86880788748664,0.385247421324259,0.017039166666666664,0.6708333333333333,0.5055247297676555,0.4293247296676555,0.5817247298676556
0.675,0.7028446831989579,0.33463642854136555,13.174662540998645,-572.1053371744589,-128.61439619205925,0.38535325465759235,0.017145,0.675,0.512319328034656,0.43611932793465596,0.588519328134656
0.6791666666666667,0.8030639229582723,0.43485566830068,17.120301901601575,-1876.5231250955608,-421.8591804554421,0.38545908799092565,0.017250833333333333,0.6791666666666667,0.5059764663497621,0.4297764662497621,0.5821764664497622
0.6833333333333333,0.7032829307571093,0.335074676099517,13.19191638187075,-572.02615814643,-128.5965960384524,0.385564921324259,0.017356666666666666,0.6833333333333333,0.5127575755928073,0.4365575754928073,0.5889575756928074
0.6875,0.8034888272738918,0.4352805726162995,17.137030417964546,-1876.4085032365717,-421.83341243646663,0.3856707546575923,0.0174625,0.6875,0.5064013706653816,0.4302013705653816,0.5826013707653817
0.6916666666666667,0.7036946846004606,0.33548642994286826,13.20812716310505,-571.8781908029249,-128.5633316563457,0.3857765879909257,0.01756833333333333,0.6916666666666667,0.5131693294361587,0.4369693293361587,0.5893693295361587
0.6958333333333333,0.8038876060035616,0.43567935134596925,17.152730367951545,-1876.2310491362982,-421.7935191677354,0.385882421324259,0.017674166666666664,0.6958333333333333,0.5068001493950514,0.43060014929505136,0.5830001494950514
0.7,0.7040807502907622,0.3358724956331699,13.223326599731099,-571.6703768666569,-128.51661322497182,0.38598825465759234,0.017779999999999997,0.7,0.5135553951264602,0.4373553950264602,0.5897553952264603
0.7041666666666666,0.8042611579286152,0.43605290327102286,17.167437136654446,-1875.999393089171,-421.74144081661797,0.38609408799092565,0.01788583333333333,0.7041666666666666,0.5071737013201049,0.43097370122010487,0.5833737014201049
0.7083333333333334,0.7044421101370346,0.3362338554794423,13.237553365332374,-571.4112914982292,-128.45836851712292,0.386199921324259,0.017991666666666666,0.7083333333333334,0.5139167549727326,0.4377167548727326,0.5901167550727326
0.7125,0.8046105435469066,0.4364022888893143,17.181192475957257,-1875.7217788135547,-421.67903064472716,0.3863057546575923,0.0180975,0.7125,0.5075230869383964,0.43132308683839643,0.5837230870383965
0.7166666666666667,0.7047798936400509,0.33657163898245857,13.250851928443252,-571.1090954966386,-128.3904321533963,0.3864115879909257,0.018203333333333332,0.7166666666666667,0.5142545384757489,0.43805453837574887,0.5904545385757489
0.7208333333333333,0.8049369563701456,0.4367287017125533,17.194043374509974,-1875.4060210963419,-421.6080454860449,0.386517421324259,0.018309166666666665,0.7208333333333333,0.5078494997616354,0.4316494996616354,0.5840494998616355
0.725,0.705095349678706,0.3368870950211137,13.263271457524162,-570.7714971814298,-128.31453703296185,0.38662325465759234,0.018414999999999997,0.725,0.5145699945144041,0.4383699944144041,0.5907699946144042
0.7291666666666666,0.8052416960175262,0.4370334413599338,17.20604099842259,-1875.0594726564773,-421.530138297546,0.38672908799092565,0.01852083333333333,0.7291666666666665,0.5081542394090158,0.43195423930901583,0.5843542395090159
0.7333333333333333,0.7053898205377171,0.3371815658801248,13.274864798430112,-570.4057233221505,-128.23230779824368,0.386834921324259,0.018626666666666663,0.7333333333333332,0.5148644653734151,0.4386644652734151,0.5910644654734152
0.7375,0.8055261431908636,0.43731788853327125,17.217239706034302,-1874.6889996157922,-421.4468526448225,0.3869407546575923,0.0187325,0.7375,0.5084386865823534,0.43223868648235336,0.5846386866823534
0.7416666666666667,0.7056647178493136,0.3374564631917213,13.285687527233122,-570.0184985473248,-128.14525620587298,0.3870465879909257,0.018838333333333332,0.7416666666666667,0.5151393626850117,0.4389393625850117,0.5913393627850118
0.7458333333333333,0.8057917365935774,0.43758348193598506,17.22769613921201,-1874.3009650659726,-421.3596190077913,0.387152421324259,0.018944166666666665,0.7458333333333332,0.5087042799850671,0.43250427988506707,0.5849042800850671
0.75,0.7059215005041575,0.33771324584656515,13.295797080573431,-569.6160329051945,-128.05477833023158,0.38725825465759234,0.019049999999999997,0.7499999999999999,0.5153961453398554,0.43919614523985545,0.5915961454398555
0.7541666666666667,0.8060399518482406,0.4378316971906483,17.237468393332612,-1873.9012205679142,-421.26975286967274,0.38736408799092564,0.019155833333333334,0.7541666666666668,0.5089524952397304,0.4327524951397304,0.5851524953397305
0.7583333333333333,0.7061616545950131,0.3379533999374208,13.305251966040188,-569.2040180877577,-127.9621537145821,0.387469921324259,0.019261666666666667,0.7583333333333333,0.5156362994307112,0.4394362993307112,0.5918362995307113
0.7625,0.8062722825101354,0.43806402785254306,17.24661526978516,-1873.4951066852873,-421.17845483694117,0.3875757546575923,0.0193675,0.7625,0.5091848259016252,0.4329848258016252,0.5853848260016252
0.7666666666666666,0.7063866755604911,0.33817842090289874,13.314111059169242,-568.7876361786425,-127.86854733766795,0.38768158799092567,0.019473333333333332,0.7666666666666666,0.5158613203961891,0.43966132029618915,0.5920613204961892
0.7708333333333334,0.8064902235192428,0.4382819688616505,17.25519562447443,-1873.087468859359,-421.0868142081266,0.387787421324259,0.01957916666666667,0.7708333333333335,0.5094027669107326,0.4332027668107326,0.5856027670107327
0.775,0.7065980531599296,0.3383897985023373,13.322433011903044,-568.3715989537989,-127.77501844886058,0.38789325465759233,0.019685,0.775,0.5160726979956277,0.4398726978956277,0.5922726980956278
0.7791666666666667,0.8066952580777278,0.43848700342013547,17.263267851186438,-1872.6827122617879,-420.9958213052139,0.38799908799092564,0.019790833333333334,0.7791666666666667,0.5096078014692175,0.43340780136921747,0.5858078015692175
0.7833333333333333,0.7067972602302306,0.33858900557263827,13.33027580994639,-567.9602465446793,-127.68254274852478,0.388104921324259,0.019896666666666667,0.7833333333333333,0.5162719050659286,0.4400719049659286,0.5924719051659286
0.7875,0.8068888467842261,0.4386805921266338,17.270889453804482,-1872.2848727406817,-420.9063834229506,0.3882107546575923,0.0200025,0.7875,0.5098013901757159,0.4336013900757159,0.586001390275716
0.7916666666666666,0.7069857402563449,0.33877748559875254,13.337696283415454,-567.5574593356771,-127.59199258177479,0.38831658799092567,0.020108333333333332,0.7916666666666666,0.5164603850920428,0.44026038499204284,0.5926603851920429
0.7958333333333333,0.8070724122637212,0.43886415760612885,17.278116441186175,-1871.8974238866372,-420.8192814555676,0.38842242132425897,0.020214166666666665,0.7958333333333333,0.5099849556552108,0.43378495555521085,0.5861849557552109
0.8,0.7071648897583587,0.33895663510076635,13.344749413415999,-567.1663710867683,-127.50407244587878,0.38852825465759233,0.02032,0.8,0.5166395345940566,0.44043953449405665,0.5928395346940567
0.8041666666666667,0.807247322547167,0.4390390678895747,17.285002672817903,-1871.5231363756131,-420.73513827579876,0.38863408799092564,0.020425833333333334,0.8041666666666667,0.5101598659386567,0.4339598658386567,0.5863598660386568
0.8083333333333333,0.7073360449768382,0.3391277903192459,13.351487807844327,-566.789508997496,-127.41935047789501,0.388739921324259,0.020531666666666667,0.8083333333333333,0.5168106898125362,0.4406106897125362,0.5930106899125362
0.8125,0.8074148811016233,0.43920662644403097,17.291599466300433,-1871.164269400314,-420.65446177036824,0.3888457546575923,0.0206375,0.8125,0.5103274244931131,0.4341274243931131,0.5865274245931131
0.8166666666666667,0.7075004744416675,0.3392922197840752,13.35796140882186,-566.4289635135552,-127.33829662871081,0.38895158799092566,0.020743333333333332,0.8166666666666667,0.5169751192773655,0.4407751191773655,0.5931751193773656
0.8208333333333333,0.807576321045689,0.43936806638809667,17.297955369610104,-1870.8226834210923,-420.5776701874016,0.38905742132425897,0.020849166666666665,0.8208333333333333,0.5104888644371788,0.4342888643371788,0.5866888645371788
0.825,0.7076593742058521,0.3394511195482598,13.364217305049598,-566.0864483633632,-127.2612961598004,0.38916325465759233,0.020954999999999998,0.825,0.5171340190415501,0.4409340189415501,0.5933340191415502
0.8291666666666666,0.8077328011194573,0.439524546461865,17.30411600243563,-1870.499879774231,-420.5051010407219,0.38926908799092563,0.02106083333333333,0.8291666666666666,0.510645344510947,0.434445344410947,0.5868453446109471
0.8333333333333334,0.7078138643879033,0.33960560973031095,13.370299595681534,-565.7633268830765,-127.18865556132424,0.389374921324259,0.021166666666666667,0.8333333333333334,0.5172885092236013,0.44108850912360126,0.5934885093236013
0.8375,0.8078854027307292,0.43967714807313685,17.31012393988728,-1870.1970232215776,-420.437016179209,0.38948075465759235,0.0212725,0.8375,0.5107979461222188,0.43459794602221885,0.5869979462222189
0.8416666666666667,0.7079649866794591,0.33975673202186674,13.376249292199478,-565.4606322024649,-127.12060709009396,0.38958658799092566,0.021378333333333333,0.8416666666666667,0.5174396315151572,0.44123963141515715,0.5936396316151572
0.8458333333333333,0.8080351279062419,0.43982687324864955,17.3160186318366,-1869.914962280548,-420.37360635716635,0.38969242132425896,0.021484166666666665,0.8458333333333333,0.5109476712977317,0.43474767119773167,0.5871476713977317
0.85,0.7081137027239779,0.33990544806638556,13.38210425458211,-565.179087759127,-127.05731338135149,0.3897982546575923,0.021589999999999998,0.85,0.5175883475596759,0.44138834745967587,0.5937883476596759
0.8541666666666666,0.8081828980907453,0.43997464343315296,17.321836355635945,-1869.6542505860966,-420.31499603668294,0.3899040879909257,0.02169583333333333,0.8541666666666666,0.511095441482235,0.43489544138223496,0.587295441582235
0.8583333333333333,0.708260893323398,0.3400526386658057,13.387899160071091,-564.9191293743683,-126.99887241162389,0.390009921324259,0.021801666666666664,0.8583333333333333,0.517735538159096,0.441535538059096,0.5939355382590961
0.8624999999999999,0.8083295537547561,0.4401212990971638,17.32761020067574,-1869.4151697048433,-420.26124851645295,0.3901157546575923,0.021907499999999996,0.8624999999999999,0.5112420971462458,0.4350420970462458,0.5874420972462459
0.8666666666666667,0.7084073584320165,0.3401991037744242,13.393665502930087,-564.6809287743073,-126.9453227864784,0.39022158799092566,0.022013333333333333,0.8666666666666667,0.5178820032677145,0.4416820031677145,0.5940820033677146
0.8708333333333333,0.8084758547663009,0.4402676001087086,17.333370083020025,-1869.1977530919985,-420.21237131750695,0.390327421324259,0.022119166666666665,0.8708333333333333,0.5113883981577906,0.4351883980577906,0.5875883982577906
0.875,0.7085538178880884,0.34034556323049603,13.399431623247876,-564.4644181024696,-126.89664925117269,0.3904332546575923,0.022224999999999998,0.875,0.5180284627237863,0.44182846262378633,0.5942284628237864
0.8791666666666667,0.8086224814721918,0.4404142268145995,17.33914278797636,-1869.0018107211654,-420.1683217202114,0.3905390879909257,0.02233083333333333,0.8791666666666667,0.5115350248636815,0.4353350247636815,0.5877350249636816
0.8833333333333333,0.7087009128242048,0.34049265816661245,13.405222762465058,-564.2693149264446,-126.85278831237507,0.390644921324259,0.022436666666666664,0.8833333333333333,0.5181755576599028,0.44197555755990275,0.5943755577599028
0.8875,0.808770036425833,0.4405617817682407,17.34495203811971,-1868.8269539247528,-420.1290123486161,0.39075075465759235,0.022542499999999997,0.8875,0.5116825798173227,0.4354825797173227,0.5878825799173227
0.8916666666666666,0.7088492076901425,0.34064095303255015,13.411061143013786,-564.0951472854028,-126.81363386907024,0.39085658799092565,0.02264833333333333,0.8916666666666665,0.5183238525258406,0.44212385242584057,0.5945238526258406
0.8958333333333334,0.8089190466924994,0.44071079203490704,17.35081858405146,-1868.6726200389548,-420.0943167108653,0.390962421324259,0.022754166666666666,0.8958333333333334,0.5118315900839892,0.43563158998398915,0.5880315901839892
0.9,0.7089991928171453,0.34079093815955297,13.41696606927374,-563.9412783921082,-126.77904276579271,0.3910682546575923,0.02286,0.9,0.5184738376528433,0.4422738375528433,0.5946738377528433
0.9041666666666667,0.8090699666595571,0.4408617120019648,17.356760315037985,-1868.5380965133845,-420.06407461925977,0.3911740879909257,0.02296583333333333,0.9041666666666666,0.5119825100510468,0.4357825099510468,0.5881825101510468
0.9083333333333333,0.7091512874502679,0.34094303279267557,13.422954046955732,-563.8069306709335,-126.74884019658754,0.391279921324259,0.023071666666666664,0.9083333333333332,0.518625932285966,0.442425932185966,0.594825932385966
0.9125,0.8092231812778314,0.4410149266202391,17.36279238662359,-1868.4225442086656,-420.03809742776315,0.39138575465759234,0.0231775,0.9125000000000001,0.5121357246693211,0.4359357245693211,0.5883357247693212
0.9166666666666666,0.709305843175122,0.3410975885175297,13.429038918012981,-563.6912088754439,-126.72282490204987,0.39149158799092565,0.023283333333333333,0.9166666666666667,0.5187804880108201,0.4425804879108201,0.5949804881108202
0.9208333333333333,0.8093790096609035,0.44117075500331115,17.368927362335086,-1868.3250196619645,-420.01617303749293,0.391597421324259,0.023389166666666666,0.9208333333333333,0.5122915530523933,0.43609155295239327,0.5884915531523933
0.9249999999999999,0.7094631476666691,0.34125489300907674,13.435232008231369,-563.5931220837676,-126.70077411408107,0.3917032546575923,0.023495,0.9249999999999999,0.518937792502367,0.44273779240236705,0.5951377926023671
0.9291666666666667,0.809537708971096,0.4413294543135037,17.375175366673375,-1868.2444961498431,-419.99807063183823,0.3918090879909257,0.023600833333333335,0.9291666666666668,0.5124502523625858,0.4362502522625858,0.5886502524625858
0.9333333333333333,0.7096234286902838,0.3414151740326915,13.441542284751634,-563.5116044173418,-126.6824482136479,0.391914921324259,0.023706666666666668,0.9333333333333335,0.5190980735259819,0.4428980734259819,0.595298073625982
0.9375,0.8096994785239988,0.4414912238664065,17.381544246708916,-1868.1798834206588,-419.98354511247953,0.39202075465759234,0.0238125,0.9375,0.5126120219154885,0.4364120218154885,0.5888120220154885
0.9416666666666667,0.7097868582888207,0.3415786036312284,13.447976520914503,-563.4455343695579,-126.66759507603503,0.39212658799092565,0.023918333333333333,0.9416666666666667,0.5192615031245187,0.4430615030245187,0.5954615032245187
0.9458333333333333,0.8098644640472707,0.4416562093896784,17.388039739751118,-1868.1300460055822,-419.9723412158693,0.392232421324259,0.024024166666666666,0.9458333333333333,0.5127770074387605,0.43657700733876054,0.5889770075387606
0.95,0.7099535570936117,0.3417453024360194,13.454539465985016,-563.3937526660701,-126.65595408600203,0.3923382546575923,0.02413,0.95,0.5194282019293097,0.4432282018293097,0.5956282020293098
0.9541666666666666,0.8100327620339296,0.44182450737633727,17.39466564473769,-1868.0938200490982,-419.9641972968793,0.39244408799092567,0.02423583333333333,0.9541666666666666,0.5129453054254194,0.4367453053254194,0.5891453055254194
0.9583333333333334,0.7101235987020169,0.3419153440444246,13.46123401749703,-563.3550786089204,-126.6472598120888,0.392549921324259,0.024341666666666668,0.9583333333333334,0.5195982435377149,0.4433982434377149,0.5957982436377149
0.9625,0.8102044241351927,0.44199616947760034,17.401423995181116,-1868.0700286272145,-419.9588487724708,0.39265575465759234,0.0244475,0.9625,0.5131169675266825,0.43691696742668246,0.5893169676266825
0.9666666666666667,0.7102970140691269,0.3420887594115346,13.468061394154907,-563.3283248827134,-126.64124533517624,0.39276158799092564,0.024553333333333333,0.9666666666666667,0.519771658904825,0.443571658804825,0.5959716590048251
0.9708333333333333,0.8103794615430366,0.4421712068854443,17.408315231710407,-1868.0574955450638,-419.9560312235187,0.392867421324259,0.024659166666666666,0.9708333333333333,0.5132920049345263,0.4370920048345263,0.5894920050345264
0.975,0.7104737958663878,0.3422655412087955,13.475021307432893,-563.3123108234896,-126.63764523144738,0.3929732546575923,0.024765,0.975,0.5199484407020858,0.4437484406020858,0.5961484408020858
0.9791666666666666,0.8105578493178422,0.4423495946602499,17.415338372450783,-1868.0550576256578,-419.9554831574337,0.39307908799092567,0.02487083333333333,0.9791666666666666,0.513470392709332,0.43727039260933204,0.5896703928093321
0.9833333333333333,0.7106539027651266,0.3424456481075343,13.482112130217887,-563.3058741700122,-126.63619821418203,0.393184921324259,0.024976666666666664,0.9833333333333333,0.5201285476008246,0.4439285475008246,0.5963285477008247
0.9874999999999999,0.8107395306217111,0.4425312759641188,17.422491179689718,-1868.0615755186059,-419.9569484380586,0.39329075465759233,0.025082499999999997,0.9874999999999999,0.5136520740132009,0.4374520739132009,0.589852074113201
0.9916666666666667,0.7108372636081539,0.3426290089505616,13.489331061045732,-563.3078813333292,-126.63664944244594,0.39339658799092564,0.025188333333333333,0.9916666666666667,0.520311908443852,0.444111908343852,0.596511908543852
0.9958333333333333,0.8109244208231763,0.44271616616558396,17.429770321479683,-1868.075943071945,-419.9601783925397,0.393502421324259,0.025294166666666666,0.9958333333333333,0.5138369642146661,0.43763696411466607,0.5900369643146661
