time_s,commanded_displacement_in,displacement_along_dir_in,vertical_displacement_in,applied_force_total_n,applied_force_total_lbf,applied_force_vertical_lbf,target_x_m,target_y_m,target_z_m,pull_point_x_m,pull_point_y_m,pull_point_z_m,base_bottom_y_m,pull_angle_deg,pull_height_in,pull_force_lbf_cap,grain_size_in
0.004166666666666667,0.0,-0.008803832638783303,-0.008803832638783303,8.28475560829575,1.862487152142765,1.817838184911879,7.918956475167987e-06,0.3682085617949174,-4.934065311235451e-07,2.5732979511682176e-05,0.3679849444458923,-8.064973492682946e-07,-0.07651505103067442,0.0,17.5,500.0,0.8
0.008333333333333333,0.004166666666666667,-0.02155875285830658,-0.02155875285830658,17.09558355986612,3.843240071771238,3.8152468967611006,7.918956475167987e-06,0.36831439512825076,-4.934065311235451e-07,3.9498143196923564e-05,0.3676609694723164,9.067916500876818e-07,-0.07683901696899588,0.0,17.5,500.0,0.8
0.0125,0.008333333333333333,-0.02867499046213594,-0.02867499046213594,24.346654139724276,5.473345585172654,5.43279081080535,7.918956475167987e-06,0.36842022846158407,-4.934065311235451e-07,-3.680791949564155e-05,0.36748021703717915,-6.507122836607853e-06,-0.0770183352742668,0.0,17.5,500.0,0.8
0.016666666666666666,0.0125,-0.1736671387095476,-0.1736671387095476,58.06802373219331,13.054211043140095,1.4440084126385824,7.918956475167987e-06,0.3685260617949174,-4.934065311235451e-07,0.05256016964835865,0.3637974164716949,0.000691739347880744,-0.07715700243445396,0.0,17.5,500.0,0.8
0.020833333333333332,0.016666666666666666,-0.9856082808262036,-0.9856082808262036,139.66501417131263,31.397944223899316,5.65420512458475,7.918956475167987e-06,0.36863189512825073,-4.934065311235451e-07,0.01976722956353497,0.34317411146193183,0.1336572932546124,-0.07567832361011559,0.0,17.5,500.0,0.8
0.024999999999999998,0.020833333333333332,-0.6850000326812024,-0.6850000326812024,1004.7957486686795,225.88707028957907,-19.154771762265327,7.918956475167987e-06,0.3687377284615841,-4.934065311235451e-07,0.11687268950996327,0.35080956096481486,0.10192074344623472,-0.07318537807979822,0.0,17.5,500.0,0.8
0.029166666666666664,0.024999999999999998,-1.7741554766747754,-1.7741554766747754,1631.6218043359725,366.803173371685,2.7260363313704175,7.918956475167987e-06,0.3688435617949174,-4.934065311235451e-07,0.0488633869390765,0.3231450126873781,0.23424985752415345,-0.06465271615671969,0.0,17.5,500.0,0.8
0.03333333333333333,0.029166666666666664,-0.3506681833526552,-0.3506681833526552,1410.83013749689,317.16723210430354,-138.3406992629948,7.918956475167987e-06,0.36894939512825076,-4.934065311235451e-07,0.12201530166289343,0.35930158993775996,0.16290326070156572,-0.06057483545854084,0.0,17.5,500.0,0.8
0.0375,0.03333333333333333,-0.8683807492016944,-0.8683807492016944,584.8937456039034,131.4893447750138,-19.017682199339717,7.918956475167987e-06,0.36905522846158406,-4.934065311235451e-07,0.2399557462607034,0.34615169076519436,0.04947990773221407,-0.050869916413844224,0.0,17.5,500.0,0.8
0.041666666666666664,0.0375,0.5231822595858782,0.5231822595858782,1650.3078032693852,371.0039530426732,-165.13639800599046,7.918956475167987e-06,0.3691610617949174,-4.934065311235451e-07,0.13327183398220668,0.3814973911883987,0.08372796911203916,-0.04794691542154631,0.0,17.5,500.0,0.8
0.04583333333333333,0.041666666666666664,-0.5548882682248786,-0.5548882682248786,1381.6440049558623,310.60592849457856,-14.256569081591273,7.918956475167987e-06,0.3692668951282507,-4.934065311235451e-07,0.24993929760285177,0.3541143997820055,-0.02362172057397326,-0.03776868274941395,0.0,17.5,500.0,0.8
0.049999999999999996,0.04583333333333332,-0.4714238793868972,-0.4714238793868972,1006.8677933195911,226.3528844576065,-195.76935836741848,7.918956475167987e-06,0.3693727284615841,-4.934065311235451e-07,0.26198425241438994,0.3562343952584902,-0.011249211492888194,-0.03286462478484453,0.0,17.5,500.0,0.8
0.05416666666666666,0.049999999999999996,-0.48177799690236683,-0.48177799690236683,1037.3840102487138,233.2132029328529,4.728216556069921,7.918956475167987e-06,0.3694785617949174,-4.934065311235451e-07,0.2775613455775931,0.3559714006735973,-0.05528443699385108,-0.015982486478224485,0.0,17.5,500.0,0.8
0.05833333333333333,0.05416666666666666,-3.7623838534792404,-3.7623838534792404,1305.9089495111193,293.58001072442596,-290.8114793885376,7.918956475167987e-06,0.36958439512825075,-4.934065311235451e-07,0.3615455775748332,0.2726440119165447,-0.06593386946362667,-0.0008809236553345839,0.0,17.5,500.0,0.8
0.06249999999999999,0.05833333333333333,-0.018954898063088185,-0.018954898063088185,763.7298830264261,171.69330781705747,-122.45255380538734,7.918956475167987e-06,0.36969022846158406,-4.934065311235451e-07,0.282901760784167,0.36772710738411496,-0.06821879935561993,-0.004226779767706815,0.0,17.5,500.0,0.8
0.06666666666666667,0.06249999999999999,-3.408546163651217,-3.408546163651217,1539.1808721645225,346.0216251110425,117.66834903576188,7.918956475167987e-06,0.3697960617949174,-4.934065311235451e-07,0.3781475826321414,0.2816314892381765,-0.077243691046852,0.007625737544874278,0.0,17.5,500.0,0.8
0.07083333333333333,0.06666666666666667,0.46015812119592786,0.46015812119592786,1184.2183692902718,266.22287999975146,-203.79237552191088,7.918956475167987e-06,0.3699018951282507,-4.934065311235451e-07,0.29791982257328625,0.37989657807329397,-0.06667841031121369,0.015673333696184774,0.0,17.5,500.0,0.8
0.075,0.07083333333333333,3.119644145619339,3.119644145619339,627.2141077415937,141.0033406587972,-93.07507710818888,7.918956475167987e-06,0.3700077284615841,-4.934065311235451e-07,0.18952671984422487,0.4474475230936486,-0.11630012546113921,0.03739014841353852,0.0,17.5,500.0,0.8
0.07916666666666666,0.075,1.8938021021006868,1.8938021021006868,2009.699246609268,451.79836357909574,-419.0976130041795,7.918956475167987e-06,0.3701135617949174,-4.934065311235451e-07,0.2596549346720677,0.41631113518827484,-0.08126738264096844,0.07133755646149569,0.0,17.5,500.0,0.8
0.08333333333333333,0.07916666666666666,5.4473933005464845,5.4473933005464845,2224.1108076273863,500.0000000000001,-414.1391812348866,7.918956475167987e-06,0.37021939512825075,-4.934065311235451e-07,0.12500598727529252,0.5065723516287981,-0.13762912668563088,0.09651497694868814,0.0,17.5,500.0,0.8
0.0875,0.08333333333333333,4.111775370480919,4.111775370480919,1952.0611277902353,438.8407990051168,-408.0108923911815,7.918956475167987e-06,0.37032522846158406,-4.934065311235451e-07,0.2026691540520239,0.4726476562051327,-0.11104193818677527,0.12767407747835352,0.0,17.5,500.0,0.8
0.09166666666666666,0.0875,7.559589111580379,7.559589111580379,2224.110807627386,500.0,-410.26653922626497,7.918956475167987e-06,0.3704310617949174,-4.934065311235451e-07,0.07462765392119727,0.560222125229059,-0.17548766036119812,0.15016475054894907,0.0,17.5,500.0,0.8
0.09583333333333333,0.09166666666666665,6.105449309512886,6.105449309512886,2077.096282276512,466.9498199355219,-408.1613414736109,7.918956475167987e-06,0.3705368951282507,-4.934065311235451e-07,0.15854295109036032,0.5232869742565447,-0.15653917681838722,0.17831339552976555,0.0,17.5,500.0,0.8
0.09999999999999999,0.09583333333333333,9.429371714999581,9.429371714999581,2224.110807627386,500.0,-395.3302901964228,7.918956475167987e-06,0.3706427284615841,-4.934065311235451e-07,0.0364478595762376,0.6077146033559068,-0.22828673218459122,0.19765722867579688,0.0,17.5,500.0,0.8
0.10416666666666666,0.09999999999999999,7.846491779969297,7.846491779969297,2224.1108076273854,499.9999999999999,-393.81476446517706,7.918956475167987e-06,0.3707485617949174,-4.934065311235451e-07,0.12603428803928585,0.5675094530061375,-0.21624223161966735,0.22253587427935856,0.0,17.5,500.0,0.8
0.10833333333333332,0.10416666666666666,11.04130363645836,11.04130363645836,2224.110807627386,500.0,-372.3021381257846,7.918956475167987e-06,0.37085439512825075,-4.934065311235451e-07,0.00937217183886943,0.6486576741609598,-0.29459566251540914,0.23860029948084982,0.0,17.5,500.0,0.8
0.11249999999999999,0.10833333333333332,9.342679294704357,9.342679294704357,2224.110807627386,500.0,-344.1715900828661,7.918956475167987e-06,0.37096022846158405,-4.934065311235451e-07,0.10427690461319153,0.6055126158804081,-0.288943162362731,0.2605390371536291,0.0,17.5,500.0,0.8
0.11666666666666665,0.1125,12.42796001471007,12.42796001471007,2224.110807627386,500.0,-345.78936293972674,7.918956475167987e-06,0.3710660617949174,-4.934065311235451e-07,-0.007246046968257341,0.6838787461685532,-0.37347931299253057,0.27382137148844315,0.0,17.5,500.0,0.8
0.12083333333333332,0.11666666666666665,10.634249758813878,10.634249758813878,2224.110807627386,500.0,-297.4390880832256,7.918956475167987e-06,0.3711718951282507,-4.934065311235451e-07,0.09272081860500567,0.6383185056687899,-0.37386690708483306,0.2933449269420109,0.0,17.5,500.0,0.8
0.12499999999999999,0.12083333333333332,13.631343001948656,13.631343001948656,2224.110807627386,500.0,-318.5518038551844,7.918956475167987e-06,0.3712777284615841,-4.934065311235451e-07,-0.013894179926127598,0.7144446740444133,-0.46428471318464276,0.30438729936430325,0.0,17.5,500.0,0.8
0.12916666666666665,0.12499999999999999,11.762732533886968,11.762732533886968,2224.1108076273854,499.9999999999999,-257.70194544935094,7.918956475167987e-06,0.3713835617949174,-4.934065311235451e-07,0.09092309009257529,0.6669819681556464,-0.4704598965812977,0.3220083894288674,0.0,17.5,500.0,0.8
0.13333333333333333,0.12916666666666665,14.691465262128439,14.691465262128439,2224.110807627386,500.0,-292.5425084836058,7.918956475167987e-06,0.37148939512825074,-4.934065311235451e-07,-0.01097626056760781,0.7413717794529797,-0.5665464038851205,0.3313144047728698,0.0,17.5,500.0,0.8
0.1375,0.13333333333333333,12.765773402127332,12.765773402127332,2224.110807627386,500.0,-225.65789484657827,7.918956475167987e-06,0.37159522846158405,-4.934065311235451e-07,0.09850827481999541,0.6924592062089516,-0.5783258827035898,0.3474856274821726,0.0,17.5,500.0,0.8
0.1416666666666667,0.1375,15.643158140875386,15.643158140875386,2224.110807627386,500.0,-268.8358721306009,7.918956475167987e-06,0.3717010617949174,-4.934065311235451e-07,0.001157204861391009,0.7655447785731522,-0.6799259567504211,0.35548740389304223,0.0,17.5,500.0,0.8
0.14583333333333337,0.1416666666666667,13.675335463008096,13.675335463008096,2224.110807627386,500.0,-200.3839279328784,7.918956475167987e-06,0.3718068951282507,-4.934065311235451e-07,0.11514581162296408,0.715562082555323,-0.6971714434542562,0.37058850382854414,0.0,17.5,500.0,0.8
0.15000000000000005,0.14583333333333337,16.51542278018939,16.51542278018939,2224.110807627386,500.0,-247.83429917259224,7.918956475167987e-06,0.3719127284615841,-4.934065311235451e-07,0.022192870580729065,0.7877003004117279,-0.8041657908216903,0.37764292573161795,0.0,17.5,500.0,0.8
0.15416666666666673,0.15000000000000005,14.517717481396145,14.517717481396145,2224.1108076273863,500.0000000000001,-180.54275986022543,7.918956475167987e-06,0.3720185617949174,-4.934065311235451e-07,0.14053733040107125,0.7369585858223795,-0.8267669431085757,0.3919850070956005,0.0,17.5,500.0,0.8
0.1583333333333334,0.15416666666666673,17.331919181209248,17.331919181209248,2224.110807627386,500.0,-229.53009113946024,7.918956475167987e-06,0.37212439512825074,-4.934065311235451e-07,0.05184508621157774,0.8084393089976323,-0.9390575649701356,0.39838193431752233,0.0,17.5,500.0,0.8
0.1625000000000001,0.1583333333333334,15.314267265974511,15.314267265974511,2224.110807627386,500.0,-164.8995079500977,7.918956475167987e-06,0.37223022846158405,-4.934065311235451e-07,0.174408903398571,0.75719095035067,-0.9669206611570276,0.412217371623891,0.0,17.5,500.0,0.8
0.16666666666666677,0.1625000000000001,18.11179742097121,18.11179742097121,2224.1108076273863,500.0000000000001,-213.70963281717687,7.918956475167987e-06,0.3723360617949174,-4.934065311235451e-07,0.08984972657346087,0.8282482162875862,-1.0844215836883802,0.41819084160747627,0.0,17.5,500.0,0.8
0.17083333333333345,0.16666666666666677,16.08223604226116,16.08223604226116,2224.110807627386,500.0,-152.46170107731012,7.918956475167987e-06,0.3724418951282507,-4.934065311235451e-07,0.2165057439912447,0.7766973572683509,-1.1174622069132483,0.4317237785415718,0.0,17.5,500.0,0.8
0.17500000000000013,0.17083333333333345,18.870528523969252,18.870528523969252,2224.110807627386,500.0,-200.08081454305497,7.918956475167987e-06,0.37254772846158407,-4.934065311235451e-07,0.13595972554297234,0.8475199863037364,-1.2400936618283778,0.4374626116236264,0.0,17.5,500.0,0.8
0.1791666666666668,0.17500000000000013,16.83556063104678,16.83556063104678,2224.110807627386,500.0,-142.47364622799142,7.918956475167987e-06,0.3726535617949174,-4.934065311235451e-07,0.26658827371890115,0.7958318018235055,-1.2782320380646233,0.4508582230967266,0.0,17.5,500.0,0.8
0.1833333333333335,0.1791666666666668,19.62062098555907,19.62062098555907,2224.110807627386,500.0,-188.34159299249836,7.918956475167987e-06,0.37275939512825074,-4.934065311235451e-07,0.18994165481864855,0.8665723348281178,-1.4059168387608694,0.4565149601480079,0.0,17.5,500.0,0.8
0.18750000000000017,0.1833333333333335,17.585515202092374,17.585515202092374,2224.110807627386,500.0,-134.37103232675082,7.918956475167987e-06,0.3728652284615841,-4.934065311235451e-07,0.32442908858592273,0.8148806479280637,-1.4490748982803827,0.4699070692012847,0.0,17.5,500.0,0.8
0.19166666666666685,0.18750000000000017,20.372203594784207,20.372203594784207,2224.1108076273854,499.9999999999999,-178.21199571644385,7.918956475167987e-06,0.3729710617949174,-4.934065311235451e-07,0.25157304781755474,0.8856625331024363,-1.5817362072184782,0.47560515842232637,0.0,17.5,500.0,0.8
0.19583333333333353,0.19166666666666685,18.34123368749716,18.34123368749716,2224.110807627386,500.0,-127.73385135860372,7.918956475167987e-06,0.37307689512825076,-4.934065311235451e-07,0.38981058902020516,0.8340758974573452,-1.6298357611723784,0.48910231873056625,0.0,17.5,500.0,0.8
0.2000000000000002,0.19583333333333353,21.133488196504786,21.133488196504786,2224.110807627386,500.0,-169.4460370019159,7.918956475167987e-06,0.37318272846158407,-4.934065311235451e-07,0.3206402997124252,0.9049991619861388,-1.7673957433587149,0.49494178730602895,0.0,17.5,500.0,0.8
0.20416666666666689,0.20000000000000018,19.110122219269197,19.110122219269197,2224.110807627386,500.0,-122.24804288166202,7.918956475167987e-06,0.37328856179491743,-4.934065311235451e-07,0.46252312756367736,0.853605666164355,-1.8203573843083378,0.5086320874375758,0.0,17.5,500.0,0.8
0.20833333333333356,0.20416666666666686,21.911134114298264,21.911134114298264,2224.110807627386,500.0,-161.83360936015384,7.918956475167987e-06,0.37339439512825073,-4.934065311235451e-07,0.3969370264001758,0.9247513682980932,-1.9627364301379557,0.5146939936179832,0.0,17.5,500.0,0.8
0.21250000000000024,0.20833333333333354,19.89818354912816,19.89818354912816,2224.110807627386,500.0,-117.67675711834991,7.918956475167987e-06,0.3735002284615841,-4.934065311235451e-07,0.5423635684080417,0.8736224239427726,-2.0204789055803585,0.5286488452159934,0.0,17.5,500.0,0.8
0.21666666666666692,0.21250000000000022,22.71053508870794,22.71053508870794,2224.1108076273863,500.0000000000001,-155.19790351329303,7.918956475167987e-06,0.3736060617949174,-4.934065311235451e-07,0.4802627914897811,0.9450561530480991,-2.1675952230059554,0.5349987783679891,0.0,17.5,500.0,0.8
0.2208333333333336,0.2166666666666669,20.71027281998556,20.71027281998556,2224.1108076273863,500.0000000000001,-113.83952522244522,7.918956475167987e-06,0.37371189512825076,-4.934065311235451e-07,0.629134175961108,0.8942494914225506,-2.230035120073175,0.5492759126957715,0.0,17.5,500.0,0.8
0.22500000000000028,0.22083333333333358,23.536046139991186,23.536046139991186,2224.1108076273863,500.0000000000001,-149.39120762447408,7.918956475167987e-06,0.37381772846158406,-4.934065311235451e-07,0.5704221280832562,0.9660241337506934,-2.3818045683280094,0.5559667590705833,0.0,17.5,500.0,0.8
0.22916666666666696,0.22500000000000026,21.550300319304917,21.550300319304917,2224.1108076273854,499.9999999999999,-110.59732981844735,7.918956475167987e-06,0.3739235617949174,-4.934065311235451e-07,0.7226417660772222,0.9155861899052622,-2.4488562043536106,0.570612611178483,0.0,17.5,500.0,0.8
0.23333333333333364,0.229166666666667,24.391164084399193,24.391164084399193,2224.110807627386,500.0,-144.29045018097668,7.918956475167987e-06,0.37402939512825073,-4.934065311235451e-07,0.6672237960059966,0.9877441295386569,-2.6051922865002783,0.5776867548585469,0.0,17.5,500.0,0.8
0.23750000000000032,0.23333333333333367,22.42139335140071,22.42139335140071,2224.1108076273854,499.9999999999999,-107.84191034282942,7.918956475167987e-06,0.3741352284615841,-4.934065311235451e-07,0.8226970665339459,0.9377119529204954,-2.676767736124727,0.5927383741937162,0.0,17.5,500.0,0.8
0.241666666666667,0.23750000000000035,25.2786722608845,25.2786722608845,2224.110807627386,500.0,-139.7930778810338,7.918956475167987e-06,0.3742410617949174,-4.934065311235451e-07,0.7704802265287013,1.0102868372213836,-2.8375816960709996,0.6002294625412735,0.0,17.5,500.0,0.8
0.24583333333333368,0.24166666666666703,23.32602649673225,23.32602649673225,2224.1108076273854,499.9999999999999,-105.48806352597433,7.918956475167987e-06,0.37434689512825076,-4.934065311235451e-07,0.9291142438051196,0.9606896348119166,-2.9135909086439966,0.6157160560851375,0.0,17.5,500.0,0.8
0.25000000000000033,0.2458333333333337,26.20075750216247,26.20075750216247,2224.1108076273854,499.9999999999999,-135.81347682882821,7.918956475167987e-06,0.37445272846158406,-4.934065311235451e-07,0.8800071159586595,1.033707802349844,-3.078791896355489,0.6236504276697341,0.0,17.5,500.0,0.8
0.254166666666667,0.25000000000000033,24.26612729353995,24.26612729353995,2224.110807627386,500.0,-103.46805611199883,7.918956475167987e-06,0.3745585617949174,-4.934065311235451e-07,1.0417105616401447,0.984568195050832,-3.159142872361407,0.6395946163240529,0.0,17.5,500.0,0.8
0.25833333333333364,0.254166666666667,27.159105448298174,27.159105448298174,2224.110807627386,500.0,-132.27996632029493,7.918956475167987e-06,0.3746643951282507,-4.934065311235451e-07,0.9956231370535006,1.058049840181691,-3.328638152691275,0.647992465501581,0.0,17.5,500.0,0.8
0.2625000000000003,0.25833333333333364,25.243162681830814,25.243162681830814,2224.110807627386,500.0,-101.72753208498686,7.918956475167987e-06,0.3747702284615841,-4.934065311235451e-07,1.1603061437535063,1.00938489391342,-3.413237157744471,0.6644113151866408,0.0,17.5,500.0,0.8
0.26666666666666694,0.2625000000000003,28.15497883978089,28.15497883978089,2224.1108076273863,500.0000000000001,-129.1323185144085,7.918956475167987e-06,0.3748760617949174,-4.934065311235451e-07,1.1171497433007012,1.083345024325352,-3.586932345964955,0.6732876496452421,0.0,17.5,500.0,0.8
0.2708333333333336,0.26666666666666694,26.258210275917538,26.258210275917538,2224.110807627386,500.0,-100.22248437356727,7.918956475167987e-06,0.37498189512825075,-4.934065311235451e-07,1.284723818357071,1.0351671028032228,-3.675684147450149,0.6901935240764437,0.0,17.5,500.0,0.8
0.27500000000000024,0.2708333333333336,29.189282330934343,29.189282330934343,2224.110807627386,500.0,-126.3197313912401,7.918956475167987e-06,0.37508772846158406,-4.934065311235451e-07,1.2444110459748612,1.1096163330006497,-3.853483459672391,0.6995589583205395,0.0,17.5,500.0,0.8
0.2791666666666669,0.27500000000000024,27.312017577579184,27.312017577579184,2224.110807627386,500.0,-98.91699116554281,7.918956475167987e-06,0.3751935617949174,-4.934065311235451e-07,1.4147890265946992,1.0619338082654286,-3.9462915755068773,0.7169602295386495,0.0,17.5,500.0,0.8
0.28333333333333355,0.2791666666666669,30.2626165428551,30.2626165428551,2224.110807627386,500.0,-123.79917956756867,7.918956475167987e-06,0.3752993951282507,-4.934065311235451e-07,1.3772337477692054,1.1368790219834368,-4.128098085625396,0.7268216473033269,0.0,17.5,500.0,0.8
0.2875000000000002,0.28333333333333355,28.405051526403977,28.405051526403977,2224.1108076273863,500.0000000000001,-97.7815065920511,7.918956475167987e-06,0.3754052284615841,-4.934065311235451e-07,1.5503297803889358,1.0896968705655783,-4.224865037632731,0.7447232918387992,0.0,17.5,500.0,0.8
0.29166666666666685,0.2875000000000002,31.375323457626795,31.375323457626795,2224.110807627386,500.0,-121.53407432356934,7.918956475167987e-06,0.3755110617949174,-4.934065311235451e-07,1.515447119899747,1.165141777618638,-4.41058093480329,0.7550844029385279,0.0,17.5,500.0,0.8
0.2958333333333335,0.29166666666666685,29.537540245387767,29.537540245387767,2224.110807627386,500.0,-96.79155727207993,7.918956475167987e-06,0.37561689512825075,-4.934065311235451e-07,1.6911766579677114,1.1184620840277666,-4.5112085012838925,0.7734885053009873,0.0,17.5,500.0,0.8
0.30000000000000016,0.2958333333333335,32.52752478954868,32.52752478954868,2224.110807627386,500.0,-119.49317412140455,7.918956475167987e-06,0.37572272846158405,-4.934065311235451e-07,1.658883012065348,1.1944076914494537,-4.700735343603904,0.7843503167693439,0.0,17.5,500.0,0.8
0.3041666666666668,0.30000000000000016,30.709508432562945,30.709508432562945,2224.110807627386,500.0,-95.92673890749411,7.918956475167987e-06,0.3758285617949174,-4.934065311235451e-07,1.837162827553175,1.148230075982016,-4.805124807171017,0.8032564972552371,0.0,17.5,500.0,0.8
0.30833333333333346,0.3041666666666668,33.71915461549312,33.71915461549312,2224.1108076273863,500.0000000000001,-117.64969702343606,7.918956475167987e-06,0.3759343951282507,-4.934065311235451e-07,1.8073758866464587,1.2246750890284426,-4.998363768415547,0.8146177143483325,0.0,17.5,500.0,0.8
0.3125000000000001,0.30833333333333346,31.920807539566535,31.920807539566535,2224.1108076273863,500.0000000000001,-95.16993684844793,7.918956475167987e-06,0.3760402284615841,-4.934065311235451e-07,1.9881240914817035,1.1789970732999073,-5.106416156233518,0.8340234945731283,0.0,17.5,500.0,0.8
0.31666666666666676,0.3125000000000001,34.949987276543766,34.949987276543766,2224.110807627386,500.0,-115.98059553911004,7.918956475167987e-06,0.3761460617949174,-4.934065311235451e-07,1.9607628701432904,1.255938238619129,-5.303268263360559,0.8458808639390188,0.0,17.5,500.0,0.8
0.3208333333333334,0.3166666666666667,33.1711416408397,33.1711416408397,2224.110807627386,500.0,-94.50671541218863,7.918956475167987e-06,0.37625189512825075,-4.934065311235451e-07,2.143898944474748,1.2107555594722457,-5.414884577706682,0.8657819807454665,0.0,17.5,500.0,0.8
0.32500000000000007,0.32083333333333347,36.219661355669956,36.219661355669956,2224.1108076273863,500.0000000000001,-114.46596217109295,7.918956475167987e-06,0.37635772846158405,-4.934065311235451e-07,2.1188838161712185,1.2881879602289341,-5.6152509374834585,0.8781305855488241,0.0,17.5,500.0,0.8
0.3291666666666667,0.32500000000000007,34.460089714384296,34.460089714384296,2224.110807627386,500.0,-93.92483550514727,7.918956475167987e-06,0.3764635617949174,-4.934065311235451e-07,2.30432864096501,1.2434948405402784,-5.730332375141291,0.8985212618134991,0.0,17.5,500.0,0.8
0.33333333333333337,0.3291666666666667,37.52770037583799,37.52770037583799,2224.110807627386,500.0,-113.08854029323557,7.918956475167987e-06,0.3765693951282507,-4.934065311235451e-07,2.2815813754098344,1.3214121513412023,-5.934114388725786,0.9113547766610924,0.0,17.5,500.0,0.8
0.3375,0.33333333333333337,35.78712491327517,35.78712491327517,2224.1108076273863,500.0000000000001,-93.41387064344246,7.918956475167987e-06,0.3766752284615841,-4.934065311235451e-07,2.4692572673559834,1.2772015345921066,-6.05256254816487,0.9322279558653275,0.0,17.5,500.0,0.8
0.3416666666666667,0.3375,38.873530738182524,38.873530738182524,2224.110807627386,500.0,-111.83332012586317,7.918956475167987e-06,0.3767810617949174,-4.934065311235451e-07,2.448701068790513,1.3555962425447534,-6.259662112848443,0.9455388678646433,0.0,17.5,500.0,0.8
0.3458333333333333,0.3416666666666667,37.151631296521344,37.151631296521344,2224.110807627386,500.0,-92.9648990652012,7.918956475167987e-06,0.37688689512825074,-4.934065311235451e-07,2.638531815897266,1.3118599967265594,-6.381379188491918,0.9668864179997803,0.0,17.5,500.0,0.8
0.35,0.3458333333333333,40.25649732215248,40.25649732215248,2224.110807627386,500.0,-110.68720367175409,7.918956475167987e-06,0.37699272846158405,-4.934065311235451e-07,2.6200913609430607,1.3907235937775901,-6.591698886100092,0.9806662190974802,0.0,17.5,500.0,0.8
0.35416666666666663,0.35,38.552918401006664,38.552918401006664,2224.110807627386,500.0,-92.57025515183334,7.918956475167987e-06,0.3770985617949174,-4.934065311235451e-07,2.8120022575259216,1.3474526891804866,-6.716587849254637,1.0024791104537074,0.0,17.5,500.0,0.8
0.3583333333333333,0.35416666666666663,41.675877092559844,41.675877092559844,2224.110807627386,500.0,-109.63872572905007,7.918956475167987e-06,0.3772043951282507,-4.934065311235451e-07,2.795603731533955,1.4267758399459374,-6.930031120934754,1.0167184652658274,0.0,17.5,500.0,0.8
0.36249999999999993,0.3583333333333332,39.99023396760378,39.99023396760378,2224.110807627386,500.0,-92.22332742615117,7.918956475167987e-06,0.3773102284615841,-4.934065311235451e-07,2.9895216115809666,1.3839605045720533,-7.057995887175025,1.0389869258452742,0.0,17.5,500.0,0.8
0.3666666666666666,0.3625,43.13089099742951,43.13089099742951,2224.110807627386,500.0,-108.67782067271531,7.918956475167987e-06,0.3774160617949174,-4.934065311235451e-07,2.9750927426395375,1.463733193129627,-7.274467194485861,1.053675818449517,0.0,17.5,500.0,0.8
0.37083333333333324,0.3666666666666666,41.46277507999105,41.46277507999105,2224.110807627386,500.0,-91.91839339109052,7.918956475167987e-06,0.37752189512825074,-4.934065311235451e-07,3.1709460107636342,1.42136304882669,-7.405412777461107,1.0763894700999108,0.0,17.5,500.0,0.8
0.3749999999999999,0.37083333333333324,44.620714391881286,44.620714391881286,2224.110807627386,500.0,-107.79562673400748,7.918956475167987e-06,0.37762772846158404,-4.934065311235451e-07,3.1584161007250424,1.501574707348702,-7.624817749830705,1.0915173326685919,0.0,17.5,500.0,0.8
0.37916666666666654,0.3749999999999999,42.969697931068886,42.969697931068886,2224.110807627386,500.0,-91.65048370676561,7.918956475167987e-06,0.3777335617949174,-4.934065311235451e-07,3.3561347601061455,1.459638889244067,-7.758650401603621,1.114665310517288,0.0,17.5,500.0,0.8
0.3833333333333332,0.37916666666666654,46.144486184236705,46.144486184236705,2224.1108076273863,500.0000000000001,-106.98432112128465,7.918956475167987e-06,0.3778393951282507,-4.934065311235451e-07,3.3454347121586374,1.5402785108745296,-7.980895970344859,1.1302211361944197,0.0,17.5,500.0,0.8
0.38749999999999984,0.3833333333333332,44.5101263967758,44.5101263967758,2224.1108076273863,500.0000000000001,-91.41526988268897,7.918956475167987e-06,0.37794522846158407,-4.934065311235451e-07,3.544950389038773,1.4987657722730228,-8.117523308488508,1.1537921935462436,0.0,17.5,500.0,0.8
0.3916666666666665,0.38749999999999984,47.701316869048824,47.701316869048824,2224.1108076273863,500.0000000000001,-106.23698060587074,7.918956475167987e-06,0.3780510617949174,-4.934065311235451e-07,3.5360127314899144,1.5798220102687575,-8.342517827662356,1.1697646355886473,0.0,17.5,500.0,0.8
0.39583333333333315,0.3916666666666665,46.08315956871147,46.08315956871147,2224.1108076273854,499.9999999999999,-91.20897093370084,7.918956475167987e-06,0.37815689512825074,-4.934065311235451e-07,3.7372586959189644,1.5387208148401887,-8.481848949435113,1.1937472361134096,0.0,17.5,500.0,0.8
0.3999999999999998,0.39583333333333315,49.29029558619733,49.29029558619733,2224.110807627386,500.0,-105.54746321504072,7.918956475167987e-06,0.37826272846158404,-4.934065311235451e-07,3.730017601973576,1.6201820696843294,-8.709502303933084,1.2101246950042195,0.0,17.5,500.0,0.8
0.40416666666666645,0.39999999999999974,47.687878373873176,47.687878373873176,2224.110807627386,500.0,-91.0282754184103,7.918956475167987e-06,0.3783685617949174,-4.934065311235451e-07,3.932928784615409,1.579480672491296,-8.85144788792743,1.2345070937645168,0.0,17.5,500.0,0.8
0.4083333333333331,0.4041666666666665,50.91049632433813,50.91049632433813,2224.1108076273854,499.9999999999999,-104.91030748647529,7.918956475167987e-06,0.3784743951282507,-4.934065311235451e-07,3.927320088028823,1.661335168433106,-9.081671589210307,1.2512777937529957,0.0,17.5,500.0,0.8
0.41249999999999976,0.4083333333333331,49.32335139090843,49.32335139090843,2224.1108076273854,499.9999999999999,-90.87027602443854,7.918956475167987e-06,0.37858022846158407,-4.934065311235451e-07,4.131833092930752,1.6210216871239913,-9.226143984931895,1.2760481083972122,0.0,17.5,500.0,0.8
0.4166666666666664,0.41249999999999976,52.56098336988028,52.56098336988028,2224.1108076273863,500.0000000000001,-104.3206463885547,7.918956475167987e-06,0.3786860617949174,-4.934065311235451e-07,4.12779429949919,1.7032575393898766,-9.458851254913673,1.2932001647097666,0.0,17.5,500.0,0.8
0.42083333333333306,0.4166666666666664,50.98863995672904,50.98863995672904,2224.110807627386,500.0,-90.73241444142015,7.918956475167987e-06,0.37879189512825073,-4.934065311235451e-07,4.333847412804757,1.6633200166958348,-9.605764560794519,1.3183464379690557,0.0,17.5,500.0,0.8
0.4249999999999997,0.42083333333333306,54.240816088536285,54.240816088536285,2224.110807627386,500.0,-103.77413353281823,7.918956475167987e-06,0.37889772846158404,-4.934065311235451e-07,4.331317707721407,1.745925290443739,-9.84087040440059,1.3358679157636288,0.0,17.5,500.0,0.8
0.42916666666666636,0.4249999999999997,52.682802644454405,52.682802644454405,2224.1108076273854,499.9999999999999,-90.61243471169033,7.918956475167987e-06,0.3790035617949174,-4.934065311235451e-07,4.538850902369651,1.7063517489640592,-9.990140534786203,1.36137817023728,0.0,17.5,500.0,0.8
0.433333333333333,0.42916666666666636,55.94905311476208,55.94905311476208,2224.1108076273863,500.0000000000001,-103.26687972552541,7.918956475167987e-06,0.3791093951282507,-4.934065311235451e-07,4.537771153529514,1.789314510909874,-10.227561801744551,1.379257136229764,0.0,17.5,500.0,0.8
0.43749999999999967,0.433333333333333,54.40489918292977,54.40489918292977,2224.110807627386,500.0,-90.50834360030689,7.918956475167987e-06,0.37921522846158406,-4.934065311235451e-07,4.746726090035161,1.7500930010413334,-10.379106543421004,1.4051194223145542,0.0,17.5,500.0,0.8
0.4416666666666663,0.43749999999999967,57.684756014609185,57.684756014609185,2224.110807627386,500.0,-102.79539824542591,7.918956475167987e-06,0.37932106179491737,-4.934065311235451e-07,4.7470388474156,1.8334013645659906,-10.618761979865962,1.4233439898858804,0.0,17.5,500.0,0.8
0.44583333333333297,0.44166666666666626,56.153993879086734,56.153993879086734,2224.110807627386,500.0,-90.41837680323754,7.918956475167987e-06,0.37942689512825073,-4.934065311235451e-07,4.957358870865556,1.7945200063237203,-10.772501038710361,1.4495464275969412,0.0,17.5,500.0,0.8
0.4499999999999996,0.445833333333333,59.4469924792829,59.4469924792829,2224.110807627386,500.0,-102.35655751096027,7.918956475167987e-06,0.37953272846158403,-4.934065311235451e-07,4.959008362144203,1.8781621707687028,-11.01431132919133,1.468104796088593,0.0,17.5,500.0,0.8
0.4541666666666663,0.4499999999999996,57.92915859684846,57.92915859684846,2224.110807627386,500.0,-90.34097003222091,7.918956475167987e-06,0.3796385617949174,-4.934065311235451e-07,5.170638495577888,1.8396091901548681,-11.170166367539197,1.494635611428089,0.0,17.5,500.0,0.8
0.4583333333333329,0.4541666666666663,61.23483909974929,61.23483909974929,2224.110807627386,500.0,-101.94754002504985,7.918956475167987e-06,0.3797443951282507,-4.934065311235451e-07,5.173570618176365,1.9235734749285491,-11.41405416803286,1.513516100248439,0.0,17.5,500.0,0.8
0.4624999999999996,0.4583333333333329,59.729475339872025,59.729475339872025,2224.110807627386,500.0,-90.27473418987128,7.918956475167987e-06,0.37985022846158406,-4.934065311235451e-07,5.386457552541976,1.8853372354276667,-11.571948833359365,1.5403636567008876,0.0,17.5,500.0,0.8
0.46666666666666623,0.4624999999999996,63.04738376682314,63.04738376682314,2224.1108076273854,499.9999999999999,-101.56580666953754,7.918956475167987e-06,0.37995606179491737,-4.934065311235451e-07,5.390619862303858,1.969612109472225,-11.817838795883947,1.559554734792115,0.0,17.5,500.0,0.8
0.4708333333333329,0.46666666666666623,61.554038479955246,61.554038479955246,2224.110807627386,500.0,-90.21843398882444,7.918956475167987e-06,0.3800618951282507,-4.934065311235451e-07,5.604711943200642,1.9316811391857804,-11.977698741393825,1.5867075604590013,0.0,17.5,500.0,0.8
0.47499999999999953,0.4708333333333329,64.88372773611647,64.88372773611647,2224.110807627386,500.0,-101.20906557222953,7.918956475167987e-06,0.38016772846158403,-4.934065311235451e-07,5.610053639926286,2.0162552462922756,-12.225517530818973,1.6061978716121654,0.0,17.5,500.0,0.8
0.4791666666666662,0.47499999999999953,63.40195666824864,63.40195666824864,2224.1108076273863,500.0000000000001,-90.17096948162101,7.918956475167987e-06,0.3802735617949174,-4.934065311235451e-07,5.825300851355368,1.9786182611684326,-12.38727042853295,1.6336446824416535,0.0,17.5,500.0,0.8
0.48333333333333284,0.4791666666666662,66.74298739287985,66.74298739287985,2224.1108076273854,499.9999999999999,-100.87524489372063,7.918956475167987e-06,0.3803793951282507,-4.934065311235451e-07,5.831772761425365,2.0634804415740655,-12.636946732169337,1.6534230668939554,0.0,17.5,500.0,0.8
0.4874999999999995,0.4833333333333328,65.27235446237061,65.27235446237061,2224.1108076273854,499.9999999999999,-90.13136005934328,7.918956475167987e-06,0.38048522846158406,-4.934065311235451e-07,6.048126706779359,2.026126365139131,-12.800522279083825,1.6811527864123519,0.0,17.5,500.0,0.8
0.49166666666666614,0.48749999999999954,68.62429574800909,68.62429574800909,2224.110807627386,500.0,-100.5624689838224,7.918956475167987e-06,0.38059106179491736,-4.934065311235451e-07,6.0556812631033266,2.1112656737943483,-13.05198680962351,1.7012082991142383,0.0,17.5,500.0,0.8
0.4958333333333328,0.49166666666666614,67.16437369901635,67.16437369901635,2224.1108076273863,500.0000000000001,-90.09873055124038,7.918956475167987e-06,0.3806968951282507,-4.934065311235451e-07,6.273095143628659,2.0741836537499325,-13.217316727505752,1.7292100750231534,0.0,17.5,500.0,0.8
0.49999999999999944,0.4958333333333328,70.52680369321722,70.52680369321722,2224.1108076273854,499.9999999999999,-100.26903744248851,7.918956475167987e-06,0.38080272846158403,-4.934065311235451e-07,6.281686363157403,2.1595893756026348,-13.470502219868044,1.749532000922525,0.0,17.5,500.0,0.8
0.5041666666666661,0.49999999999999944,69.07717463859082,69.07717463859082,2224.110807627386,500.0,-90.0722991181504,7.918956475167987e-06,0.3809085617949174,-4.934065311235451e-07,6.500114954123592,2.122768797615124,-13.637520249231558,1.7777952188883446,0.0,17.5,500.0,0.8
