1,Time,Displacement,Force,Tensile displacement,Tensile strain (Displacement),Tensile stress,moisture,beam_type
1,(s),(in),(lbf),(mm),(%),(MPa),(pct),(cat)
1,0,0,-0.00005,0,0,0,15,Square
1,0.05,0.00268,0.07527,0.0682,0.0671,0.0056,15,Square
1,0.1,0.01916,0.07098,0.4867,0.4791,0.0053,15,Square
1,0.15,0.04407,0.05554,1.1195,1.1019,0.0041,15,Square
1,0.2,0.06922,0.08338,1.7582,1.7305,0.0062,15,Square
1,0.25,0.09426,0.11289,2.3942,2.3565,0.0084,15,Square
1,0.3,0.11927,0.1492,3.0294,2.9817,0.0111,15,Square
1,0.35,0.14427,0.1743,3.6645,3.6068,0.013,15,Square
1,0.4,0.16927,0.2104,4.2995,4.2318,0.0157,15,Square
1,0.45,0.19427,0.24668,4.9345,4.8568,0.0184,15,Square
1,0.5,0.21927,0.27867,5.5695,5.4817,0.0208,15,Square
1,0.55,0.24427,0.29372,6.2045,6.1068,0.0219,15,Square
1,0.6,0.26927,0.31225,6.8395,6.7318,0.0233,15,Square
1,0.65,0.29427,0.34686,7.4744,7.3567,0.0259,15,Square
1,0.7,0.31927,0.38521,8.1094,7.9817,0.0287,15,Square
1,0.75,0.34427,0.43119,8.7445,8.6068,0.0321,15,Square
1,0.8,0.36927,0.37521,9.3795,9.2318,0.028,15,Square
1,0.85,0.39427,0.31882,10.0145,9.8568,0.0238,15,Square
1,0.9,0.41927,0.36369,10.6494,10.4817,0.0271,15,Square
1,0.95,0.44427,0.41362,11.2845,11.1068,0.0308,15,Square
1,1,0.46927,0.46835,11.9195,11.7318,0.0349,15,Square
1,1.05,0.49427,0.31656,12.5545,12.3568,0.0236,15,Square
1,1.1,0.51927,0.19389,13.1894,12.9817,0.0145,15,Square
1,1.15,0.54427,0.24353,13.8245,13.6068,0.0182,15,Square
1,1.2,0.56927,0.27421,14.4595,14.2318,0.0204,15,Square
1,1.25,0.59427,0.29781,15.0945,14.8568,0.0222,15,Square
1,1.3,0.61927,0.32339,15.7295,15.4818,0.0241,15,Square
1,1.35,0.64427,0.35033,16.3644,16.1067,0.0261,15,Square
1,1.4,0.66927,0.37221,16.9995,16.7318,0.0277,15,Square
1,1.45,0.69427,0.41672,17.6345,17.3568,0.0311,15,Square
1,1.5,0.71927,0.46024,18.2695,17.9817,0.0343,15,Square
1,1.55,0.74427,0.41973,18.9044,18.6067,0.0313,15,Square
1,1.6,0.76927,0.35352,19.5395,19.2318,0.0264,15,Square
1,1.65,0.79427,0.40557,20.1745,19.8568,0.0302,15,Square
1,1.7,0.81927,0.45742,20.8095,20.4818,0.0341,15,Square
1,1.75,0.84427,0.40463,21.4444,21.1067,0.0302,15,Square
1,1.8,0.86927,0.43521,22.0795,21.7318,0.0324,15,Square
1,1.85,0.89427,0.49553,22.7145,22.3568,0.0369,15,Square
1,1.9,0.91927,0.54771,23.3495,22.9818,0.0408,15,Square
1,1.95,0.94427,0.60542,23.9844,23.6067,0.0451,15,Square
1,2,0.96927,0.4995,24.6195,24.2318,0.0372,15,Square
1,2.05,0.99427,0.47827,25.2545,24.8568,0.0356,15,Square
1,2.1,1.01927,0.53064,25.8895,25.4818,0.0396,15,Square
1,2.15,1.04427,0.57946,26.5245,26.1067,0.0432,15,Square
1,2.2,1.06927,0.57741,27.1594,26.7317,0.043,15,Square
1,2.25,1.09427,0.62904,27.7945,27.3568,0.0469,15,Square
1,2.3,1.11927,0.6182,28.4295,27.9818,0.0461,15,Square
1,2.35,1.14427,0.4269,29.0644,28.6067,0.0318,15,Square
1,2.4,1.16927,0.46738,29.6994,29.2317,0.0348,15,Square
1,2.45,1.19427,0.51727,30.3345,29.8568,0.0386,15,Square
1,2.5,1.21927,0.55494,30.9695,30.4818,0.0414,15,Square
1,2.55,1.24427,0.49823,31.6045,31.1068,0.0371,15,Square
1,2.6,1.26927,0.50401,32.2394,31.7317,0.0376,15,Square
1,2.65,1.29427,0.56918,32.8745,32.3568,0.0424,15,Square
1,2.7,1.31927,0.61341,33.5095,32.9818,0.0457,15,Square
1,2.75,1.34427,0.67198,34.1445,33.6068,0.0501,15,Square
1,2.8,1.36927,0.68855,34.7794,34.2317,0.0513,15,Square
1,2.85,1.39427,0.7248,35.4145,34.8568,0.054,15,Square
1,2.9,1.41927,0.74405,36.0495,35.4818,0.0555,15,Square
1,2.95,1.44427,0.76474,36.6845,36.1068,0.057,15,Square
1,3,1.46927,0.59447,37.3195,36.7318,0.0443,15,Square
1,3.05,1.49427,0.45662,37.9544,37.3567,0.034,15,Square
1,3.1,1.51927,0.5281,38.5895,37.9818,0.0394,15,Square
1,3.15,1.54427,0.57588,39.2245,38.6067,0.0429,15,Square
1,3.2,1.56927,0.62775,39.8594,39.2317,0.0468,15,Square
1,3.25,1.59427,0.66903,40.4944,39.8567,0.0499,15,Square
1,3.3,1.61927,0.68069,41.1295,40.4818,0.0507,15,Square
1,3.35,1.64427,0.69232,41.7645,41.1068,0.0516,15,Square
1,3.4,1.66927,0.71497,42.3995,41.7318,0.0533,15,Square
1,3.45,1.69427,0.75518,43.0344,42.3567,0.0563,15,Square
1,3.5,1.71927,0.76578,43.6695,42.9818,0.0571,15,Square
1,3.55,1.74427,0.76754,44.3045,43.6068,0.0572,15,Square
1,3.6,1.76927,0.8061,44.9395,44.2317,0.0601,15,Square
1,3.65,1.79427,0.83404,45.5744,44.8567,0.0622,15,Square
1,3.7,1.81927,0.67344,46.2095,45.4818,0.0502,15,Square
1,3.75,1.84427,0.67087,46.8445,46.1068,0.05,15,Square
1,3.8,1.86927,0.68037,47.4795,46.7317,0.0507,15,Square
1,3.85,1.89427,0.70391,48.1145,47.3567,0.0525,15,Square
1,3.9,1.91927,0.74931,48.7494,47.9817,0.0559,15,Square
1,3.95,1.94427,0.77335,49.3845,48.6068,0.0576,15,Square
1,4,1.96927,0.72347,50.0195,49.2317,0.0539,15,Square
1,4.05,1.99427,0.63772,50.6544,49.8567,0.0475,15,Square
1,4.1,2.01927,0.70065,51.2895,50.4818,0.0522,15,Square
1,4.15,2.04427,0.74822,51.9245,51.1068,0.0558,15,Square
1,4.2,2.06927,0.78016,52.5595,51.7318,0.0582,15,Square
1,4.25,2.09427,0.79721,53.1944,52.3567,0.0594,15,Square
1,4.3,2.11927,0.84963,53.8294,52.9817,0.0633,15,Square
1,4.35,2.14427,0.88034,54.4645,53.6068,0.0656,15,Square
1,4.4,2.16927,0.65035,55.0995,54.2318,0.0485,15,Square
1,4.45,2.19427,0.67328,55.7344,54.8567,0.0502,15,Square
1,4.5,2.21927,0.69968,56.3694,55.4817,0.0522,15,Square
1,4.55,2.24427,0.74837,57.0045,56.1068,0.0558,15,Square
1,4.6,2.26927,0.75594,57.6395,56.7318,0.0563,15,Square
1,4.65,2.29427,0.79464,58.2745,57.3567,0.0592,15,Square
1,4.7,2.31927,0.80814,58.9095,57.9818,0.0602,15,Square
1,4.75,2.34427,0.74829,59.5445,58.6067,0.0558,15,Square
1,4.8,2.36927,0.78633,60.1795,59.2318,0.0586,15,Square
1,4.85,2.39427,0.77048,60.8145,59.8568,0.0574,15,Square
1,4.9,2.41927,0.7855,61.4495,60.4818,0.0585,15,Square
1,4.95,2.44427,0.79292,62.0845,61.1068,0.0591,15,Square
1,5,2.46927,0.82023,62.7195,61.7318,0.0611,15,Square
1,5.05,2.49427,0.77044,63.3545,62.3568,0.0574,15,Square
1,5.1,2.51927,0.80881,63.9894,62.9817,0.0603,15,Square
1,5.15,2.54427,0.7511,64.6244,63.6067,0.056,15,Square
1,5.2,2.56927,0.7672,65.2595,64.2318,0.0572,15,Square
1,5.25,2.59427,0.81028,65.8945,64.8568,0.0604,15,Square
1,5.3,2.61927,0.85111,66.5294,65.4817,0.0634,15,Square
1,5.35,2.64427,0.89932,67.1644,66.1067,0.067,15,Square
1,5.4,2.66927,0.87721,67.7995,66.7318,0.0654,15,Square
1,5.45,2.69427,0.93135,68.4345,67.3568,0.0694,15,Square
1,5.5,2.71927,0.94816,69.0695,67.9817,0.0707,15,Square
1,5.55,2.74427,0.99639,69.7045,68.6067,0.0743,15,Square
1,5.6,2.76927,0.89885,70.3395,69.2318,0.067,15,Square
1,5.65,2.79427,0.90798,70.9745,69.8568,0.0677,15,Square
1,5.7,2.81927,0.87706,71.6095,70.4817,0.0654,15,Square
1,5.75,2.84427,0.91625,72.2445,71.1067,0.0683,15,Square
1,5.8,2.86927,0.77922,72.8795,71.7318,0.0581,15,Square
1,5.85,2.89427,0.82032,73.5145,72.3568,0.0611,15,Square
1,5.9,2.91927,0.88297,74.1495,72.9818,0.0658,15,Square
1,5.95,2.94427,0.95329,74.7844,73.6067,0.0711,15,Square
1,6,2.96927,0.91442,75.4195,74.2317,0.0682,15,Square
1,6.05,2.99427,0.84273,76.0545,74.8568,0.0628,15,Square
1,6.1,3.01927,0.90232,76.6895,75.4818,0.0673,15,Square
1,6.15,3.04427,0.86868,77.3244,76.1067,0.0647,15,Square
1,6.2,3.06927,0.90431,77.9594,76.7317,0.0674,15,Square
1,6.25,3.09427,0.89732,78.5945,77.3567,0.0669,15,Square
1,6.3,3.11927,0.92993,79.2295,77.9818,0.0693,15,Square
1,6.35,3.14427,0.93663,79.8645,78.6068,0.0698,15,Square
1,6.4,3.16927,0.91753,80.4995,79.2318,0.0684,15,Square
1,6.45,3.19427,0.96663,81.1345,79.8568,0.0721,15,Square
1,6.5,3.21927,0.90399,81.7695,80.4818,0.0674,15,Square
1,6.55,3.24427,0.96197,82.4045,81.1068,0.0717,15,Square
1,6.6,3.26927,0.9932,83.0395,81.7317,0.074,15,Square
1,6.65,3.29427,0.96768,83.6745,82.3568,0.0721,15,Square
1,6.7,3.31927,0.96686,84.3095,82.9818,0.0721,15,Square
1,6.75,3.34427,0.97137,84.9445,83.6067,0.0724,15,Square
1,6.8,3.36927,0.98355,85.5794,84.2317,0.0733,15,Square
1,6.85,3.39427,1.03285,86.2145,84.8567,0.077,15,Square
1,6.9,3.41927,1.06271,86.8495,85.4818,0.0792,15,Square
1,6.95,3.44427,1.05818,87.4845,86.1068,0.0789,15,Square
1,7,3.46927,0.98128,88.1194,86.7317,0.0731,15,Square
1,7.05,3.49427,1.04631,88.7544,87.3567,0.078,15,Square
1,7.1,3.51927,1.00713,89.3895,87.9818,0.0751,15,Square
1,7.15,3.54427,1.00272,90.0245,88.6068,0.0747,15,Square
1,7.2,3.56927,1.04175,90.6594,89.2317,0.0776,15,Square
1,7.25,3.59427,1.0431,91.2945,89.8568,0.0778,15,Square
1,7.3,3.61927,1.09561,91.9295,90.4818,0.0817,15,Square
1,7.35,3.64427,1.09841,92.5645,91.1068,0.0819,15,Square
1,7.4,3.66927,1.09349,93.1994,91.7317,0.0815,15,Square
1,7.45,3.69427,1.07461,93.8344,92.3567,0.0801,15,Square
1,7.5,3.71927,1.05246,94.4695,92.9818,0.0784,15,Square
1,7.55,3.74427,1.07526,95.1045,93.6068,0.0801,15,Square
1,7.6,3.76927,1.06005,95.7395,94.2317,0.079,15,Square
1,7.65,3.79427,1.06317,96.3744,94.8567,0.0792,15,Square
1,7.7,3.81927,1.06042,97.0095,95.4818,0.079,15,Square
1,7.75,3.84427,1.08008,97.6445,96.1068,0.0805,15,Square
1,7.8,3.86927,1.10215,98.2795,96.7318,0.0822,15,Square
1,7.85,3.89427,1.11886,98.9144,97.3567,0.0834,15,Square
1,7.9,3.91927,1.15023,99.5495,97.9817,0.0857,15,Square
1,7.95,3.94427,1.17851,100.1845,98.6068,0.0878,15,Square
1,8,3.96927,1.16554,100.8195,99.2318,0.0869,15,Square
1,8.05,3.99427,1.13136,101.4544,99.8567,0.0843,15,Square
1,8.1,4.01927,1.1421,102.0895,100.4818,0.0851,15,Square
1,8.15,4.04427,1.14441,102.7245,101.1068,0.0853,15,Square
1,8.2,4.06927,1.1832,103.3595,101.7318,0.0882,15,Square
1,8.25,4.09427,1.22423,103.9945,102.3567,0.0913,15,Square
1,8.3,4.11927,1.16212,104.6294,102.9817,0.0866,15,Square
1,8.35,4.14427,1.20422,105.2645,103.6068,0.0898,15,Square
1,8.4,4.16927,1.20137,105.8995,104.2318,0.0895,15,Square
1,8.45,4.19427,1.19219,106.5344,104.8567,0.0889,15,Square
1,8.5,4.21927,1.18499,107.1694,105.4817,0.0883,15,Square
1,8.55,4.24427,1.17869,107.8045,106.1068,0.0879,15,Square
1,8.6,4.26927,1.19437,108.4395,106.7318,0.089,15,Square
1,8.65,4.29427,1.18251,109.0745,107.3568,0.0881,15,Square
1,8.7,4.31927,1.21087,109.7094,107.9817,0.0903,15,Square
1,8.75,4.34427,1.20694,110.3445,108.6068,0.09,15,Square
1,8.8,4.36927,1.21159,110.9795,109.2318,0.0903,15,Square
1,8.85,4.39427,1.22496,111.6145,109.8568,0.0913,15,Square
1,8.9,4.41927,1.24717,112.2494,110.4817,0.093,15,Square
1,8.95,4.44427,1.26426,112.8845,111.1068,0.0942,15,Square
1,9,4.46927,1.29377,113.5195,111.7318,0.0964,15,Square
1,9.05,4.49427,1.27226,114.1545,112.3568,0.0948,15,Square
1,9.1,4.51927,1.30735,114.7894,112.9817,0.0974,15,Square
1,9.15,4.54427,1.31384,115.4244,113.6067,0.0979,15,Square
1,9.2,4.56927,1.30791,116.0595,114.2318,0.0975,15,Square
1,9.25,4.59427,1.33839,116.6945,114.8568,0.0998,15,Square
1,9.3,4.61927,1.35916,117.3294,115.4817,0.1013,15,Square
1,9.35,4.64427,1.36434,117.9644,116.1067,0.1017,15,Square
1,9.4,4.66927,1.37627,118.5995,116.7318,0.1026,15,Square
1,9.45,4.69427,1.38745,119.2345,117.3568,0.1034,15,Square
1,9.5,4.71927,1.41564,119.8695,117.9818,0.1055,15,Square
1,9.55,4.74427,1.4223,120.5044,118.6067,0.106,15,Square
1,9.6,4.76927,1.43522,121.1395,119.2318,0.107,15,Square
1,9.65,4.79427,1.4466,121.7745,119.8568,0.1078,15,Square
1,9.7,4.81927,1.44288,122.4095,120.4818,0.1075,15,Square
1,9.75,4.84427,1.45211,123.0445,121.1068,0.1082,15,Square
1,9.8,4.86927,1.48795,123.6795,121.7318,0.1109,15,Square
1,9.85,4.89427,1.50931,124.3145,122.3568,0.1125,15,Square
1,9.9,4.91927,1.52206,124.9495,122.9818,0.1135,15,Square
1,9.95,4.94427,1.55056,125.5844,123.6067,0.1156,15,Square
1,10,4.96927,1.57526,126.2195,124.2317,0.1174,15,Square
1,10.05,4.99427,1.59668,126.8545,124.8568,0.119,15,Square
1,10.1,5.01927,1.59039,127.4895,125.4818,0.1185,15,Square
1,10.15,5.04427,1.63182,128.1245,126.1067,0.1216,15,Square
1,10.2,5.06927,1.65365,128.7594,126.7317,0.1233,15,Square
1,10.25,5.09427,1.67079,129.3945,127.3568,0.1245,15,Square
1,10.3,5.11927,1.67383,130.0295,127.9818,0.1248,15,Square
1,10.35,5.14427,1.70755,130.6645,128.6068,0.1273,15,Square
1,10.4,5.16927,1.72622,131.2994,129.2317,0.1287,15,Square
1,10.45,5.19427,1.78388,131.9345,129.8568,0.133,15,Square
1,10.5,5.21927,1.74136,132.5695,130.4818,0.1298,15,Square
1,10.55,5.24427,1.73654,133.2045,131.1068,0.1294,15,Square
1,10.6,5.26927,1.78302,133.8394,131.7317,0.1329,15,Square
1,10.65,5.29427,1.79234,134.4745,132.3568,0.1336,15,Square
1,10.7,5.31927,1.82612,135.1095,132.9818,0.1361,15,Square
1,10.75,5.34427,1.83897,135.7444,133.6067,0.1371,15,Square
1,10.8,5.36927,1.8506,136.3794,134.2317,0.1379,15,Square
1,10.85,5.39427,1.8444,137.0145,134.8568,0.1375,15,Square
1,10.9,5.41927,1.80896,137.6495,135.4818,0.1348,15,Square
1,10.95,5.44427,1.85059,138.2845,136.1068,0.1379,15,Square
1,11,5.46927,1.92372,138.9194,136.7317,0.1434,15,Square
1,11.05,5.49427,1.90478,139.5544,137.3567,0.142,15,Square
1,11.1,5.51927,1.93163,140.1895,137.9818,0.144,15,Square
1,11.15,5.54427,1.9377,140.8245,138.6068,0.1444,15,Square
1,11.2,5.56927,1.94721,141.4595,139.2318,0.1451,15,Square
1,11.25,5.59427,1.96511,142.0944,139.8567,0.1465,15,Square
1,11.3,5.61927,1.97023,142.7295,140.4818,0.1469,15,Square
1,11.35,5.64427,1.99074,143.3645,141.1068,0.1484,15,Square
1,11.4,5.66927,2.0229,143.9995,141.7318,0.1508,15,Square
1,11.45,5.69427,2.03594,144.6345,142.3568,0.1518,15,Square
1,11.5,5.71927,2.06387,145.2695,142.9818,0.1538,15,Square
1,11.55,5.74427,2.08197,145.9045,143.6068,0.1552,15,Square
1,11.6,5.76927,2.06546,146.5395,144.2317,0.154,15,Square
1,11.65,5.79427,2.07221,147.1744,144.8567,0.1545,15,Square
1,11.7,5.81927,2.11662,147.8095,145.4818,0.1578,15,Square
1,11.75,5.84427,2.17122,148.4445,146.1068,0.1618,15,Square
1,11.8,5.86927,2.12679,149.0795,146.7317,0.1585,15,Square
1,11.85,5.89427,2.05571,149.7144,147.3567,0.1532,15,Square
1,11.9,5.91927,2.09338,150.3494,147.9817,0.156,15,Square
1,11.95,5.94427,2.09959,150.9845,148.6068,0.1565,15,Square
1,12,5.96927,2.08678,151.6195,149.2318,0.1555,15,Square
1,12.05,5.99427,2.10869,152.2545,149.8568,0.1572,15,Square
1,12.1,6.01927,2.12509,152.8894,150.4817,0.1584,15,Square
1,12.15,6.04427,2.15473,153.5245,151.1068,0.1606,15,Square
1,12.2,6.06927,2.17446,154.1595,151.7318,0.1621,15,Square
1,12.25,6.09427,2.1833,154.7945,152.3568,0.1627,15,Square
1,12.3,6.11927,2.23004,155.4294,152.9817,0.1662,15,Square
1,12.35,6.14427,2.26419,156.0645,153.6068,0.1688,15,Square
1,12.4,6.16927,2.24939,156.6995,154.2318,0.1677,15,Square
1,12.45,6.19427,2.31789,157.3344,154.8567,0.1728,15,Square
1,12.5,6.21927,2.36266,157.9694,155.4817,0.1761,15,Square
1,12.55,6.24427,2.40084,158.6045,156.1068,0.179,15,Square
1,12.6,6.26927,2.39553,159.2395,156.7318,0.1786,15,Square
1,12.65,6.29427,2.3735,159.8745,157.3568,0.1769,15,Square
1,12.7,6.31927,2.41093,160.5094,157.9817,0.1797,15,Square
1,12.75,6.34427,2.38944,161.1444,158.6067,0.1781,15,Square
1,12.8,6.36927,2.39574,161.7795,159.2318,0.1786,15,Square
1,12.85,6.39427,2.47163,162.4145,159.8568,0.1842,15,Square
1,12.9,6.41927,2.49234,163.0495,160.4818,0.1858,15,Square
1,12.95,6.44427,2.46939,163.6844,161.1067,0.1841,15,Square
1,13,6.46927,2.50672,164.3195,161.7318,0.1868,15,Square
1,13.05,6.49427,2.54834,164.9545,162.3568,0.1899,15,Square
1,13.1,6.51927,2.48261,165.5895,162.9818,0.185,15,Square
1,13.15,6.54427,2.51913,166.2244,163.6067,0.1878,15,Square
1,13.2,6.56927,2.56756,166.8595,164.2318,0.1914,15,Square
1,13.25,6.59427,2.56699,167.4945,164.8568,0.1913,15,Square
1,13.3,6.61927,2.58707,168.1294,165.4817,0.1928,15,Square
1,13.35,6.64427,2.62642,168.7644,166.1067,0.1958,15,Square
1,13.4,6.66927,2.5977,169.3995,166.7318,0.1936,15,Square
1,13.45,6.69427,2.58126,170.0345,167.3568,0.1924,15,Square
1,13.5,6.71927,2.5677,170.6695,167.9818,0.1914,15,Square
1,13.55,6.74427,2.57403,171.3044,168.6067,0.1919,15,Square
1,13.6,6.76927,2.61663,171.9395,169.2317,0.195,15,Square
1,13.65,6.79427,2.5786,172.5745,169.8568,0.1922,15,Square
1,13.7,6.81927,2.62916,173.2095,170.4818,0.196,15,Square
1,13.75,6.84427,2.63015,173.8445,171.1067,0.196,15,Square
1,13.8,6.86927,2.66513,174.4794,171.7317,0.1987,15,Square
1,13.85,6.89427,2.67148,175.1145,172.3568,0.1991,15,Square
1,13.9,6.91927,2.70061,175.7495,172.9818,0.2013,15,Square
1,13.95,6.94427,2.74511,176.3844,173.6067,0.2046,15,Square
1,14,6.96927,2.75774,177.0194,174.2317,0.2056,15,Square
1,14.05,6.99427,2.82575,177.6545,174.8568,0.2106,15,Square
1,14.1,7.01927,2.87286,178.2895,175.4818,0.2141,15,Square
1,14.15,7.04427,2.82603,178.9244,176.1067,0.2106,15,Square
1,14.2,7.06927,2.77876,179.5594,176.7317,0.2071,15,Square
1,14.25,7.09427,2.74744,180.1945,177.3568,0.2048,15,Square
1,14.3,7.11927,2.72135,180.8295,177.9818,0.2028,15,Square
1,14.35,7.14427,2.76172,181.4645,178.6068,0.2059,15,Square
1,14.4,7.16927,2.79572,182.0994,179.2317,0.2084,15,Square
1,14.45,7.19427,2.81453,182.7345,179.8568,0.2098,15,Square
1,14.5,7.21927,2.76214,183.3695,180.4818,0.2059,15,Square
1,14.55,7.24427,2.79924,184.0045,181.1068,0.2086,15,Square
1,14.6,7.26927,2.79667,184.6395,181.7317,0.2085,15,Square
1,14.65,7.29427,2.79358,185.2744,182.3567,0.2082,15,Square
1,14.7,7.31927,2.81171,185.9095,182.9818,0.2096,15,Square
1,14.75,7.34427,2.85188,186.5445,183.6068,0.2126,15,Square
1,14.8,7.36927,2.86543,187.1794,184.2317,0.2136,15,Square
1,14.85,7.39427,2.92824,187.8144,184.8567,0.2183,15,Square
1,14.9,7.41927,2.96805,188.4495,185.4818,0.2212,15,Square
1,14.95,7.44427,3.01496,189.0845,186.1068,0.2247,15,Square
1,15,7.46927,3.02415,189.7194,186.7317,0.2254,15,Square
1,15.05,7.49427,2.97683,190.3544,187.3567,0.2219,15,Square
1,15.1,7.51927,3.03501,190.9895,187.9818,0.2262,15,Square
1,15.15,7.54427,3.02271,191.6245,188.6068,0.2253,15,Square
1,15.2,7.56927,2.90887,192.2595,189.2318,0.2168,15,Square
1,15.25,7.59427,2.96807,192.8944,189.8567,0.2212,15,Square
1,15.3,7.61927,3.00212,193.5294,190.4817,0.2238,15,Square
1,15.35,7.64427,3.04599,194.1645,191.1068,0.227,15,Square
1,15.4,7.66927,3.04953,194.7995,191.7318,0.2273,15,Square
1,15.45,7.69427,3.07693,195.4344,192.3567,0.2293,15,Square
1,15.5,7.71927,3.05227,196.0694,192.9817,0.2275,15,Square
1,15.55,7.74427,3.08534,196.7045,193.6068,0.23,15,Square
1,15.6,7.76927,3.09984,197.3395,194.2318,0.2311,15,Square
1,15.65,7.79427,3.05837,197.9744,194.8567,0.228,15,Square
1,15.7,7.81927,3.0377,198.6094,195.4817,0.2264,15,Square
1,15.75,7.84427,3.0911,199.2445,196.1068,0.2304,15,Square
1,15.8,7.86927,3.13574,199.8795,196.7317,0.2337,15,Square
1,15.85,7.89427,3.17175,200.5144,197.3567,0.2364,15,Square
1,15.9,7.91927,3.23872,201.1494,197.9817,0.2414,15,Square
1,15.95,7.94427,3.3153,201.7845,198.6068,0.2471,15,Square
1,16,7.96927,3.3401,202.4195,199.2318,0.249,15,Square
1,16.05,7.99427,3.31183,203.0544,199.8567,0.2469,15,Square
1,16.1,8.01927,3.36921,203.6895,200.4817,0.2511,15,Square
1,16.15,8.04427,3.40149,204.3244,201.1067,0.2535,15,Square
1,16.2,8.06927,3.39008,204.9595,201.7318,0.2527,15,Square
1,16.25,8.09427,3.48266,205.5945,202.3567,0.2596,15,Square
1,16.3,8.11927,3.35219,206.2294,202.9817,0.2499,15,Square
1,16.35,8.14427,3.40789,206.8644,203.6067,0.254,15,Square
1,16.4,8.16927,3.39667,207.4995,204.2318,0.2532,15,Square
1,16.45,8.19427,3.38881,208.1345,204.8568,0.2526,15,Square
1,16.5,8.21927,3.26071,208.7695,205.4817,0.243,15,Square
1,16.55,8.24427,3.20001,209.4044,206.1067,0.2385,15,Square
1,16.6,8.26927,3.31773,210.0395,206.7317,0.2473,15,Square
1,16.65,8.29427,3.26584,210.6745,207.3568,0.2434,15,Square
1,16.7,8.31927,3.29513,211.3095,207.9818,0.2456,15,Square
1,16.75,8.34427,3.33372,211.9444,208.6067,0.2485,15,Square
1,16.8,8.36927,3.31519,212.5795,209.2318,0.2471,15,Square
1,16.85,8.39427,3.35269,213.2145,209.8568,0.2499,15,Square
1,16.9,8.41927,3.38244,213.8494,210.4817,0.2521,15,Square
1,16.95,8.44427,3.42687,214.4845,211.1068,0.2554,15,Square
1,17,8.46927,3.4403,215.1194,211.7317,0.2564,15,Square
1,17.05,8.49427,3.52069,215.7545,212.3568,0.2624,15,Square
1,17.1,8.51927,3.46941,216.3894,212.9817,0.2586,15,Square
1,17.15,8.54427,3.53561,217.0244,213.6067,0.2635,15,Square
1,17.2,8.56927,3.40842,217.6595,214.2318,0.2541,15,Square
1,17.25,8.59427,3.47231,218.2945,214.8568,0.2588,15,Square
1,17.3,8.61927,3.46844,218.9294,215.4817,0.2585,15,Square
1,17.35,8.64427,3.55404,219.5644,216.1067,0.2649,15,Square
1,17.4,8.66927,3.56493,220.1994,216.7317,0.2657,15,Square
1,17.45,8.69427,3.60343,220.8345,217.3568,0.2686,15,Square
1,17.5,8.71927,3.63121,221.4695,217.9818,0.2707,15,Square
1,17.55,8.74427,3.63075,222.1044,218.6067,0.2706,15,Square
1,17.6,8.76927,3.6428,222.7395,219.2318,0.2715,15,Square
1,17.65,8.79427,3.67735,223.3745,219.8568,0.2741,15,Square
1,17.7,8.81927,3.71781,224.0095,220.4818,0.2771,15,Square
1,17.75,8.84427,3.75891,224.6445,221.1067,0.2802,15,Square
1,17.8,8.86927,3.68429,225.2794,221.7317,0.2746,15,Square
1,17.85,8.89427,3.77142,225.9145,222.3567,0.2811,15,Square
1,17.9,8.91927,3.77069,226.5495,222.9818,0.2811,15,Square
1,17.95,8.94427,3.86094,227.1845,223.6068,0.2878,15,Square
1,18,8.96927,3.86105,227.8194,224.2317,0.2878,15,Square
1,18.05,8.99427,3.94735,228.4545,224.8568,0.2942,15,Square
1,18.086,9.01227,3.94005,228.9117,225.3068,0.2937,15,Square
2,Time,Displacement,Force,Tensile displacement,Tensile strain (Displacement),Tensile stress,15,Square
2,(s),(in),(lbf),(mm),(%),(MPa),15,Square
2,0,0,0.00781,0,0,0.0006,15,Square
2,0.05,0.00271,0.07393,0.0688,0.0677,0.0055,15,Square
2,0.1,0.01936,0.06691,0.4917,0.4839,0.005,15,Square
2,0.15,0.04431,0.0512,1.1254,1.1077,0.0038,15,Square
2,0.2,0.06944,0.07216,1.7638,1.7361,0.0054,15,Square
2,0.25,0.09448,0.10201,2.3998,2.362,0.0076,15,Square
2,0.3,0.11949,0.12928,3.035,2.9872,0.0096,15,Square
2,0.35,0.14449,0.15431,3.6701,3.6123,0.0115,15,Square
2,0.4,0.16949,0.17508,4.3051,4.2373,0.0131,15,Square
2,0.45,0.19449,0.20123,4.94,4.8622,0.015,15,Square
2,0.5,0.21949,0.22555,5.575,5.4872,0.0168,15,Square
2,0.55,0.24449,0.25193,6.2101,6.1123,0.0188,15,Square
2,0.6,0.26949,0.28268,6.8451,6.7373,0.0211,15,Square
2,0.65,0.29449,0.31673,7.48,7.3622,0.0236,15,Square
2,0.7,0.31949,0.35206,8.115,7.9872,0.0262,15,Square
2,0.75,0.34449,0.38677,8.7501,8.6123,0.0288,15,Square
2,0.8,0.36949,0.4144,9.3851,9.2373,0.0309,15,Square
2,0.85,0.39449,0.35217,10.0201,9.8623,0.0262,15,Square
2,0.9,0.41949,0.31669,10.655,10.4872,0.0236,15,Square
2,0.95,0.44449,0.3845,11.2901,11.1123,0.0287,15,Square
2,1,0.46949,0.43189,11.9251,11.7373,0.0322,15,Square
2,1.05,0.49449,0.38052,12.5601,12.3623,0.0284,15,Square
2,1.1,0.51949,0.18091,13.195,12.9872,0.0135,15,Square
2,1.15,0.54449,0.24185,13.83,13.6122,0.018,15,Square
2,1.2,0.56949,0.28913,14.4651,14.2373,0.0216,15,Square
2,1.25,0.59449,0.33356,15.1001,14.8623,0.0249,15,Square
2,1.3,0.61949,0.36759,15.735,15.4873,0.0274,15,Square
2,1.35,0.64449,0.41279,16.37,16.1122,0.0308,15,Square
2,1.4,0.66949,0.39426,17.0051,16.7373,0.0294,15,Square
2,1.45,0.69449,0.3732,17.6401,17.3623,0.0278,15,Square
2,1.5,0.71949,0.4378,18.275,17.9872,0.0326,15,Square
2,1.55,0.74449,0.45649,18.91,18.6122,0.034,15,Square
2,1.6,0.76949,0.4446,19.5451,19.2373,0.0331,15,Square
2,1.65,0.79449,0.46028,20.1801,19.8623,0.0343,15,Square
2,1.7,0.81949,0.40144,20.815,20.4872,0.0299,15,Square
2,1.75,0.84449,0.45559,21.45,21.1122,0.034,15,Square
2,1.8,0.86949,0.48911,22.085,21.7373,0.0365,15,Square
2,1.85,0.89449,0.42923,22.7201,22.3623,0.032,15,Square
2,1.9,0.91949,0.42463,23.3551,22.9873,0.0317,15,Square
2,1.95,0.94449,0.49267,23.99,23.6122,0.0367,15,Square
2,2,0.96949,0.55167,24.625,24.2372,0.0411,15,Square
2,2.05,0.99449,0.59115,25.2601,24.8623,0.0441,15,Square
2,2.1,1.01949,0.62267,25.8951,25.4873,0.0464,15,Square
2,2.15,1.04449,0.56786,26.53,26.1122,0.0423,15,Square
2,2.2,1.06949,0.56416,27.165,26.7372,0.0421,15,Square
2,2.25,1.09449,0.63771,27.8001,27.3623,0.0475,15,Square
2,2.3,1.11949,0.63122,28.435,27.9873,0.047,15,Square
2,2.35,1.14449,0.58372,29.07,28.6122,0.0435,15,Square
2,2.4,1.16949,0.66421,29.705,29.2372,0.0495,15,Square
2,2.45,1.19449,0.57126,30.3401,29.8623,0.0426,15,Square
2,2.5,1.21949,0.57215,30.9751,30.4873,0.0426,15,Square
2,2.55,1.24449,0.62888,31.61,31.1122,0.0469,15,Square
2,2.6,1.26949,0.68452,32.245,31.7372,0.051,15,Square
2,2.65,1.29449,0.5189,32.8801,32.3623,0.0387,15,Square
2,2.7,1.31949,0.55022,33.5151,32.9873,0.041,15,Square
2,2.75,1.34449,0.6212,34.15,33.6123,0.0463,15,Square
2,2.8,1.36949,0.62189,34.785,34.2372,0.0464,15,Square
2,2.85,1.39449,0.55497,35.42,34.8622,0.0414,15,Square
2,2.9,1.41949,0.62299,36.0551,35.4873,0.0464,15,Square
2,2.95,1.44449,0.67412,36.69,36.1122,0.0502,15,Square
2,3,1.46949,0.618,37.325,36.7372,0.0461,15,Square
2,3.05,1.49449,0.57337,37.96,37.3622,0.0427,15,Square
2,3.1,1.51949,0.6469,38.5951,37.9873,0.0482,15,Square
2,3.15,1.54449,0.70957,39.23,38.6122,0.0529,15,Square
2,3.2,1.56949,0.76418,39.865,39.2372,0.057,15,Square
2,3.25,1.59449,0.82342,40.5,39.8622,0.0614,15,Square
2,3.3,1.61949,0.74114,41.1351,40.4873,0.0552,15,Square
2,3.35,1.64449,0.80455,41.7701,41.1123,0.06,15,Square
2,3.4,1.66949,0.86948,42.405,41.7373,0.0648,15,Square
2,3.45,1.69449,0.81719,43.04,42.3622,0.0609,15,Square
2,3.5,1.71949,0.78793,43.6751,42.9873,0.0587,15,Square
2,3.55,1.74449,0.85796,44.3101,43.6123,0.064,15,Square
2,3.6,1.76949,0.59383,44.945,44.2372,0.0443,15,Square
2,3.65,1.79449,0.63293,45.58,44.8622,0.0472,15,Square
2,3.7,1.81949,0.70263,46.215,45.4873,0.0524,15,Square
2,3.75,1.84449,0.76839,46.8501,46.1123,0.0573,15,Square
2,3.8,1.86949,0.84024,47.485,46.7372,0.0626,15,Square
2,3.85,1.89449,0.86841,48.12,47.3622,0.0647,15,Square
2,3.9,1.91949,0.75506,48.755,47.9872,0.0563,15,Square
2,3.95,1.94449,0.75054,49.3901,48.6123,0.0559,15,Square
2,4,1.96949,0.83464,50.025,49.2372,0.0622,15,Square
2,4.05,1.99449,0.89629,50.66,49.8622,0.0668,15,Square
2,4.1,2.01949,0.90092,51.295,50.4873,0.0672,15,Square
2,4.15,2.04449,0.9637,51.9301,51.1123,0.0718,15,Square
2,4.2,2.06949,0.88008,52.5651,51.7373,0.0656,15,Square
2,4.25,2.09449,0.74132,53.2,52.3622,0.0553,15,Square
2,4.3,2.11949,0.80048,53.835,52.9872,0.0597,15,Square
2,4.35,2.14449,0.79186,54.4701,53.6123,0.059,15,Square
2,4.4,2.16949,0.84333,55.1051,54.2373,0.0629,15,Square
2,4.45,2.19449,0.92266,55.74,54.8622,0.0688,15,Square
2,4.5,2.21949,0.81919,56.375,55.4872,0.0611,15,Square
2,4.55,2.24449,0.74679,57.01,56.1122,0.0557,15,Square
2,4.6,2.26949,0.81172,57.6451,56.7373,0.0605,15,Square
2,4.65,2.29449,0.85959,58.28,57.3622,0.0641,15,Square
2,4.7,2.31949,0.89915,58.915,57.9872,0.067,15,Square
2,4.75,2.34449,0.89562,59.55,58.6122,0.0668,15,Square
2,4.8,2.36949,0.81023,60.1851,59.2373,0.0604,15,Square
2,4.85,2.39449,0.78922,60.82,59.8622,0.0588,15,Square
2,4.9,2.41949,0.86313,61.455,60.4872,0.0643,15,Square
2,4.95,2.44449,0.80928,62.09,61.1122,0.0603,15,Square
2,5,2.46949,0.8571,62.7251,61.7373,0.0639,15,Square
2,5.05,2.49449,0.90571,63.36,62.3622,0.0675,15,Square
2,5.1,2.51949,0.8956,63.995,62.9872,0.0668,15,Square
2,5.15,2.54449,0.7923,64.63,63.6122,0.0591,15,Square
2,5.2,2.56949,0.81353,65.2651,64.2373,0.0606,15,Square
2,5.25,2.59449,0.87302,65.9001,64.8623,0.0651,15,Square
2,5.3,2.61949,0.83509,66.535,65.4872,0.0622,15,Square
2,5.35,2.64449,0.876,67.17,66.1122,0.0653,15,Square
2,5.4,2.66949,0.90519,67.805,66.7373,0.0675,15,Square
2,5.45,2.69449,0.90104,68.4401,67.3623,0.0672,15,Square
2,5.5,2.71949,0.96094,69.075,67.9872,0.0716,15,Square
2,5.55,2.74449,1.00896,69.71,68.6122,0.0752,15,Square
2,5.6,2.76949,1.02365,70.345,69.2373,0.0763,15,Square
2,5.65,2.79449,0.92557,70.9801,69.8623,0.069,15,Square
2,5.7,2.81949,0.97287,71.615,70.4872,0.0725,15,Square
2,5.75,2.84449,0.918,72.25,71.1122,0.0684,15,Square
2,5.8,2.86949,0.82012,72.885,71.7373,0.0611,15,Square
2,5.85,2.89449,0.87985,73.5201,72.3623,0.0656,15,Square
2,5.9,2.91949,0.92628,74.155,72.9873,0.069,15,Square
2,5.95,2.94449,0.94057,74.79,73.6122,0.0701,15,Square
2,6,2.96949,0.93486,75.425,74.2372,0.0697,15,Square
2,6.05,2.99449,0.99902,76.0601,74.8623,0.0745,15,Square
2,6.1,3.01949,1.04795,76.6951,75.4873,0.0781,15,Square
2,6.15,3.04449,1.1107,77.33,76.1122,0.0828,15,Square
2,6.2,3.06949,0.87515,77.965,76.7372,0.0652,15,Square
2,6.25,3.09449,0.92842,78.6001,77.3623,0.0692,15,Square
2,6.3,3.11949,1.00272,79.2351,77.9873,0.0747,15,Square
2,6.35,3.14449,0.88686,79.87,78.6122,0.0661,15,Square
2,6.4,3.16949,0.97065,80.5051,79.2373,0.0723,15,Square
2,6.45,3.19449,0.93889,81.14,79.8622,0.07,15,Square
2,6.5,3.21949,0.92393,81.7751,80.4873,0.0689,15,Square
2,6.55,3.24449,0.93737,82.41,81.1122,0.0699,15,Square
2,6.6,3.26949,0.97246,83.045,81.7372,0.0725,15,Square
2,6.65,3.29449,0.97929,83.68,82.3623,0.073,15,Square
2,6.7,3.31949,0.97633,84.3151,82.9873,0.0728,15,Square
2,6.75,3.34449,0.99311,84.95,83.6122,0.074,15,Square
2,6.8,3.36949,1.03394,85.585,84.2372,0.0771,15,Square
2,6.85,3.39449,1.03078,86.22,84.8622,0.0768,15,Square
2,6.9,3.41949,1.04371,86.855,85.4873,0.0778,15,Square
2,6.95,3.44449,1.06142,87.4901,86.1123,0.0791,15,Square
2,7,3.46949,1.07926,88.125,86.7372,0.0804,15,Square
2,7.05,3.49449,1.09868,88.76,87.3622,0.0819,15,Square
2,7.1,3.51949,1.10952,89.3951,87.9873,0.0827,15,Square
2,7.15,3.54449,1.08344,90.0301,88.6123,0.0808,15,Square
2,7.2,3.56949,1.15295,90.665,89.2372,0.0859,15,Square
2,7.25,3.59449,1.15638,91.3001,89.8623,0.0862,15,Square
2,7.3,3.61949,1.02686,91.9351,90.4873,0.0765,15,Square
2,7.35,3.64449,1.03011,92.5701,91.1123,0.0768,15,Square
2,7.4,3.66949,1.02429,93.205,91.7372,0.0763,15,Square
2,7.45,3.69449,1.06518,93.84,92.3622,0.0794,15,Square
2,7.5,3.71949,1.07213,94.4751,92.9873,0.0799,15,Square
2,7.55,3.74449,1.09993,95.1101,93.6123,0.082,15,Square
2,7.6,3.76949,1.08396,95.745,94.2372,0.0808,15,Square
2,7.65,3.79449,1.05862,96.38,94.8622,0.0789,15,Square
2,7.7,3.81949,1.04683,97.015,95.4872,0.078,15,Square
2,7.75,3.84449,1.0543,97.6501,96.1123,0.0786,15,Square
2,7.8,3.86949,1.06918,98.2851,96.7373,0.0797,15,Square
2,7.85,3.89449,1.06511,98.92,97.3622,0.0794,15,Square
2,7.9,3.91949,1.07867,99.555,97.9872,0.0804,15,Square
2,7.95,3.94449,1.08002,100.19,98.6123,0.0805,15,Square
2,8,3.96949,1.03879,100.8251,99.2373,0.0774,15,Square
2,8.05,3.99449,1.03639,101.46,99.8622,0.0773,15,Square
2,8.1,4.01949,1.04355,102.095,100.4873,0.0778,15,Square
2,8.15,4.04449,1.03629,102.7301,101.1123,0.0772,15,Square
2,8.2,4.06949,1.01312,103.3651,101.7373,0.0755,15,Square
2,8.25,4.09449,1.03152,104,102.3622,0.0769,15,Square
2,8.3,4.11949,1.05238,104.635,102.9872,0.0784,15,Square
2,8.35,4.14449,1.03808,105.2701,103.6123,0.0774,15,Square
2,8.4,4.16949,1.04711,105.9051,104.2373,0.078,15,Square
2,8.45,4.19449,1.04808,106.54,104.8622,0.0781,15,Square
2,8.5,4.21949,1.05879,107.175,105.4872,0.0789,15,Square
2,8.55,4.24449,1.08143,107.8101,106.1123,0.0806,15,Square
2,8.6,4.26949,1.08216,108.4451,106.7373,0.0807,15,Square
2,8.65,4.29449,1.10587,109.0801,107.3623,0.0824,15,Square
2,8.7,4.31949,1.11559,109.715,107.9872,0.0832,15,Square
2,8.75,4.34449,1.08007,110.3501,108.6123,0.0805,15,Square
2,8.8,4.36949,1.06124,110.9851,109.2373,0.0791,15,Square
2,8.85,4.39449,1.07033,111.6201,109.8623,0.0798,15,Square
2,8.9,4.41949,1.08775,112.255,110.4872,0.0811,15,Square
2,8.95,4.44449,1.08692,112.8901,111.1123,0.081,15,Square
2,9,4.46949,1.1028,113.5251,111.7373,0.0822,15,Square
2,9.05,4.49449,1.12984,114.1601,112.3623,0.0842,15,Square
2,9.1,4.51949,1.09568,114.795,112.9872,0.0817,15,Square
2,9.15,4.54449,1.11389,115.43,113.6122,0.083,15,Square
2,9.2,4.56949,1.13531,116.0651,114.2373,0.0846,15,Square
2,9.25,4.59449,1.15674,116.7,114.8623,0.0862,15,Square
2,9.3,4.61949,1.17018,117.335,115.4872,0.0872,15,Square
2,9.35,4.64449,1.13875,117.97,116.1122,0.0849,15,Square
2,9.4,4.66949,1.18153,118.605,116.7373,0.0881,15,Square
2,9.45,4.69449,1.16395,119.2401,117.3623,0.0868,15,Square
2,9.5,4.71949,1.17298,119.8751,117.9873,0.0874,15,Square
2,9.55,4.74449,1.18814,120.51,118.6122,0.0886,15,Square
2,9.6,4.76949,1.20844,121.1451,119.2373,0.0901,15,Square
2,9.65,4.79449,1.21975,121.7801,119.8623,0.0909,15,Square
2,9.7,4.81949,1.21568,122.4151,120.4873,0.0906,15,Square
2,9.75,4.84449,1.22519,123.05,121.1122,0.0913,15,Square
2,9.8,4.86949,1.23453,123.6851,121.7373,0.092,15,Square
2,9.85,4.89449,1.26628,124.3201,122.3623,0.0944,15,Square
2,9.9,4.91949,1.25805,124.9551,122.9873,0.0938,15,Square
2,9.95,4.94449,1.28426,125.59,123.6122,0.0957,15,Square
2,10,4.96949,1.30488,126.225,124.2372,0.0973,15,Square
2,10.05,4.99449,1.31718,126.8601,124.8623,0.0982,15,Square
2,10.1,5.01949,1.33644,127.495,125.4873,0.0996,15,Square
2,10.15,5.04449,1.35191,128.13,126.1122,0.1008,15,Square
2,10.2,5.06949,1.37107,128.765,126.7372,0.1022,15,Square
2,10.25,5.09449,1.39405,129.4001,127.3623,0.1039,15,Square
2,10.3,5.11949,1.40092,130.0351,127.9873,0.1044,15,Square
2,10.35,5.14449,1.39231,130.6701,128.6123,0.1038,15,Square
2,10.4,5.16949,1.3885,131.305,129.2372,0.1035,15,Square
2,10.45,5.19449,1.43358,131.9401,129.8623,0.1069,15,Square
2,10.5,5.21949,1.42858,132.5751,130.4873,0.1065,15,Square
2,10.55,5.24449,1.44766,133.2101,131.1123,0.1079,15,Square
2,10.6,5.26949,1.47778,133.845,131.7372,0.1102,15,Square
2,10.65,5.29449,1.48466,134.48,132.3622,0.1107,15,Square
2,10.7,5.31949,1.49597,135.115,132.9872,0.1115,15,Square
2,10.75,5.34449,1.5213,135.75,133.6123,0.1134,15,Square
2,10.8,5.36949,1.52035,136.385,134.2372,0.1133,15,Square
2,10.85,5.39449,1.55812,137.0201,134.8623,0.1161,15,Square
2,10.9,5.41949,1.58522,137.6551,135.4873,0.1182,15,Square
2,10.95,5.44449,1.60788,138.2901,136.1123,0.1198,15,Square
2,11,5.46949,1.62278,138.925,136.7372,0.121,15,Square
2,11.05,5.49449,1.62935,139.56,137.3622,0.1214,15,Square
2,11.1,5.51949,1.64793,140.1951,137.9873,0.1228,15,Square
2,11.15,5.54449,1.66485,140.83,138.6123,0.1241,15,Square
2,11.2,5.56949,1.68206,141.4651,139.2373,0.1254,15,Square
2,11.25,5.59449,1.65519,142.1,139.8622,0.1234,15,Square
2,11.3,5.61949,1.65704,142.7351,140.4873,0.1235,15,Square
2,11.35,5.64449,1.65231,143.37,141.1122,0.1232,15,Square
2,11.4,5.66949,1.7049,144.0051,141.7373,0.1271,15,Square
2,11.45,5.69449,1.67975,144.64,142.3622,0.1252,15,Square
2,11.5,5.71949,1.73992,145.2751,142.9873,0.1297,15,Square
2,11.55,5.74449,1.77956,145.9101,143.6123,0.1326,15,Square
2,11.6,5.76949,1.79114,146.5451,144.2373,0.1335,15,Square
2,11.65,5.79449,1.80202,147.18,144.8622,0.1343,15,Square
2,11.7,5.81949,1.85304,147.815,145.4872,0.1381,15,Square
2,11.75,5.84449,1.83956,148.4501,146.1123,0.1371,15,Square
2,11.8,5.86949,1.88475,149.0851,146.7373,0.1405,15,Square
2,11.85,5.89449,1.87783,149.72,147.3622,0.14,15,Square
2,11.9,5.91949,1.90326,150.355,147.9872,0.1419,15,Square
2,11.95,5.94449,1.93868,150.9901,148.6123,0.1445,15,Square
2,12,5.96949,1.91763,151.6251,149.2373,0.1429,15,Square
2,12.05,5.99449,1.93054,152.2601,149.8623,0.1439,15,Square
2,12.1,6.01949,1.91776,152.895,150.4872,0.1429,15,Square
2,12.15,6.04449,1.93609,153.5301,151.1123,0.1443,15,Square
2,12.2,6.06949,1.98482,154.1651,151.7373,0.1479,15,Square
2,12.25,6.09449,2.01432,154.8,152.3623,0.1501,15,Square
2,12.3,6.11949,2.02863,155.435,152.9872,0.1512,15,Square
2,12.35,6.14449,2.06138,156.0701,153.6123,0.1537,15,Square
2,12.4,6.16949,2.0814,156.705,154.2372,0.1551,15,Square
2,12.45,6.19449,2.09804,157.34,154.8622,0.1564,15,Square
2,12.5,6.21949,2.11537,157.975,155.4872,0.1577,15,Square
2,12.55,6.24449,2.17406,158.61,156.1123,0.162,15,Square
2,12.6,6.26949,2.12986,159.2451,156.7373,0.1588,15,Square
2,12.65,6.29449,2.14294,159.88,157.3622,0.1597,15,Square
2,12.7,6.31949,2.1427,160.515,157.9872,0.1597,15,Square
2,12.75,6.34449,2.18877,161.15,158.6122,0.1631,15,Square
2,12.8,6.36949,2.17385,161.7851,159.2373,0.162,15,Square
2,12.85,6.39449,2.19958,162.4201,159.8623,0.164,15,Square
2,12.9,6.41949,2.23977,163.0551,160.4873,0.1669,15,Square
2,12.95,6.44449,2.26031,163.69,161.1122,0.1685,15,Square
2,13,6.46949,2.24022,164.3251,161.7373,0.167,15,Square
2,13.05,6.49449,2.27824,164.9601,162.3623,0.1698,15,Square
2,13.1,6.51949,2.24096,165.595,162.9873,0.167,15,Square
2,13.15,6.54449,2.25233,166.23,163.6122,0.1679,15,Square
2,13.2,6.56949,2.28764,166.8651,164.2373,0.1705,15,Square
2,13.25,6.59449,2.2999,167.5,164.8623,0.1714,15,Square
2,13.3,6.61949,2.32858,168.135,165.4872,0.1736,15,Square
2,13.35,6.64449,2.3162,168.77,166.1122,0.1726,15,Square
2,13.4,6.66949,2.31222,169.405,166.7372,0.1723,15,Square
2,13.45,6.69449,2.3037,170.0401,167.3623,0.1717,15,Square
2,13.5,6.71949,2.33889,170.675,167.9873,0.1743,15,Square
2,13.55,6.74449,2.35313,171.31,168.6123,0.1754,15,Square
2,13.6,6.76949,2.37421,171.945,169.2372,0.177,15,Square
2,13.65,6.79449,2.36079,172.5801,169.8623,0.176,15,Square
2,13.7,6.81949,2.40521,173.215,170.4872,0.1793,15,Square
2,13.75,6.84449,2.41788,173.8501,171.1123,0.1802,15,Square
2,13.8,6.86949,2.41492,174.485,171.7372,0.18,15,Square
2,13.85,6.89449,2.41288,175.1201,172.3623,0.1799,15,Square
2,13.9,6.91949,2.40017,175.755,172.9872,0.1789,15,Square
2,13.95,6.94449,2.43189,176.39,173.6122,0.1813,15,Square
2,14,6.96949,2.43016,177.025,174.2372,0.1811,15,Square
2,14.05,6.99449,2.41826,177.66,174.8623,0.1803,15,Square
2,14.1,7.01949,2.40767,178.295,175.4873,0.1795,15,Square
2,14.15,7.04449,2.41581,178.93,176.1122,0.1801,15,Square
2,14.2,7.06949,2.43623,179.565,176.7372,0.1816,15,Square
2,14.25,7.09449,2.44388,180.2001,177.3623,0.1822,15,Square
2,14.3,7.11949,2.45326,180.8351,177.9873,0.1829,15,Square
2,14.35,7.14449,2.47623,181.47,178.6122,0.1846,15,Square
2,14.4,7.16949,2.47568,182.105,179.2372,0.1845,15,Square
2,14.45,7.19449,2.46639,182.74,179.8622,0.1838,15,Square
2,14.5,7.21949,2.53045,183.3751,180.4873,0.1886,15,Square
2,14.55,7.24449,2.587,184.0101,181.1123,0.1928,15,Square
2,14.6,7.26949,2.60516,184.645,181.7372,0.1942,15,Square
2,14.65,7.29449,2.5981,185.28,182.3622,0.1937,15,Square
2,14.7,7.31949,2.58258,185.9151,182.9873,0.1925,15,Square
2,14.75,7.34449,2.54763,186.55,183.6123,0.1899,15,Square
2,14.8,7.36949,2.50095,187.185,184.2372,0.1864,15,Square
2,14.85,7.39449,2.57179,187.82,184.8622,0.1917,15,Square
2,14.9,7.41949,2.54544,188.455,185.4873,0.1897,15,Square
2,14.95,7.44449,2.55466,189.09,186.1122,0.1904,15,Square
2,15,7.46949,2.54349,189.725,186.7372,0.1896,15,Square
2,15.05,7.49449,2.5378,190.36,187.3623,0.1892,15,Square
2,15.1,7.51949,2.55516,190.9951,187.9873,0.1905,15,Square
2,15.15,7.54449,2.51899,191.6301,188.6123,0.1878,15,Square
2,15.2,7.56949,2.57379,192.265,189.2372,0.1918,15,Square
2,15.25,7.59449,2.57717,192.9,189.8622,0.1921,15,Square
2,15.3,7.61949,2.58737,193.535,190.4872,0.1929,15,Square
2,15.35,7.64449,2.58031,194.1701,191.1123,0.1923,15,Square
2,15.4,7.66949,2.59461,194.805,191.7372,0.1934,15,Square
2,15.45,7.69449,2.5705,195.44,192.3622,0.1916,15,Square
2,15.5,7.71949,2.60216,196.075,192.9872,0.194,15,Square
2,15.55,7.74449,2.60713,196.7101,193.6123,0.1943,15,Square
2,15.6,7.76949,2.55786,197.345,194.2373,0.1907,15,Square
2,15.65,7.79449,2.60466,197.98,194.8622,0.1941,15,Square
2,15.7,7.81949,2.62486,198.615,195.4872,0.1957,15,Square
2,15.75,7.84449,2.67116,199.2501,196.1123,0.1991,15,Square
2,15.8,7.86949,2.60926,199.885,196.7372,0.1945,15,Square
2,15.85,7.89449,2.68919,200.52,197.3622,0.2004,15,Square
2,15.9,7.91949,2.69104,201.155,197.9872,0.2006,15,Square
2,15.95,7.94449,2.71002,201.7901,198.6123,0.202,15,Square
2,16,7.96949,2.73405,202.4251,199.2373,0.2038,15,Square
2,16.05,7.99449,2.75224,203.06,199.8622,0.2051,15,Square
2,16.1,8.01949,2.63882,203.6951,200.4873,0.1967,15,Square
2,16.15,8.04449,2.60124,204.33,201.1122,0.1939,15,Square
2,16.2,8.06949,2.61974,204.9651,201.7373,0.1953,15,Square
2,16.25,8.09449,2.62668,205.6,202.3623,0.1958,15,Square
2,16.3,8.11949,2.5866,206.235,202.9872,0.1928,15,Square
2,16.35,8.14449,2.63201,206.8701,203.6123,0.1962,15,Square
2,16.4,8.16949,2.62614,207.505,204.2372,0.1957,15,Square
2,16.45,8.19449,2.68241,208.14,204.8622,0.1999,15,Square
2,16.5,8.21949,2.69951,208.775,205.4872,0.2012,15,Square
2,16.55,8.24449,2.7212,209.41,206.1122,0.2028,15,Square
2,16.6,8.26949,2.71874,210.045,206.7373,0.2026,15,Square
2,16.65,8.29449,2.74221,210.6801,207.3623,0.2044,15,Square
2,16.7,8.31949,2.74081,211.315,207.9872,0.2043,15,Square
2,16.75,8.34449,2.77029,211.95,208.6123,0.2065,15,Square
2,16.8,8.36949,2.78347,212.5851,209.2373,0.2075,15,Square
2,16.85,8.39449,2.85471,213.2201,209.8623,0.2128,15,Square
2,16.9,8.41949,2.9183,213.855,210.4872,0.2175,15,Square
2,16.95,8.44449,2.9141,214.49,211.1122,0.2172,15,Square
2,17,8.46949,2.9727,215.125,211.7373,0.2216,15,Square
2,17.05,8.49449,3.01023,215.7601,212.3623,0.2244,15,Square
2,17.1,8.51949,3.0599,216.395,212.9872,0.2281,15,Square
2,17.15,8.54449,3.11639,217.03,213.6122,0.2323,15,Square
2,17.2,8.56949,3.14139,217.665,214.2372,0.2342,15,Square
2,17.25,8.59449,3.20714,218.3001,214.8623,0.2391,15,Square
2,17.3,8.61949,3.22352,218.935,215.4872,0.2403,15,Square
2,17.35,8.64449,3.26048,219.57,216.1122,0.243,15,Square
2,17.4,8.66949,3.27241,220.205,216.7372,0.2439,15,Square
2,17.45,8.69449,3.32867,220.8401,217.3623,0.2481,15,Square
2,17.5,8.71949,3.39306,221.475,217.9873,0.2529,15,Square
2,17.55,8.74449,3.4053,222.11,218.6122,0.2538,15,Square
2,17.6,8.76949,3.4051,222.7451,219.2373,0.2538,15,Square
2,17.65,8.79449,3.41325,223.3801,219.8623,0.2544,15,Square
2,17.7,8.81949,3.49666,224.0151,220.4873,0.2606,15,Square
2,17.75,8.84449,3.58067,224.65,221.1122,0.2669,15,Square
2,17.8,8.86949,3.6139,225.285,221.7372,0.2694,15,Square
2,17.85,8.89449,3.74177,225.92,222.3623,0.2789,15,Square
2,17.9,8.91949,3.79717,226.5551,222.9873,0.283,15,Square
2,17.95,8.94449,3.83895,227.19,223.6122,0.2861,15,Square
2,18,8.96949,3.88781,227.825,224.2372,0.2898,15,Square
2,18.05,8.99449,3.92555,228.46,224.8622,0.2926,15,Square
2,18.1,9.01949,4.01781,229.0951,225.4873,0.2995,15,Square
2,18.15,9.04449,4.10839,229.73,226.1122,0.3062,15,Square
2,18.2,9.06949,4.1579,230.365,226.7372,0.3099,15,Square
2,18.25,9.09449,4.18183,231,227.3623,0.3117,15,Square
2,18.3,9.11949,4.23073,231.6351,227.9873,0.3153,15,Square
2,18.35,9.14449,4.25508,232.2701,228.6123,0.3172,15,Square
2,18.4,9.16949,4.31208,232.905,229.2372,0.3214,15,Square
2,18.45,9.19449,4.17104,233.5401,229.8623,0.3109,15,Square
2,18.5,9.21949,4.28496,234.1751,230.4873,0.3194,15,Square
2,18.55,9.24449,4.38556,234.8101,231.1123,0.3269,15,Square
2,18.6,9.26949,4.50779,235.445,231.7372,0.336,15,Square
2,18.65,9.29449,4.48649,236.08,232.3622,0.3344,15,Square
2,18.671,9.30499,4.5299,236.3467,232.6247,0.3376,15,Square
3,Time,Displacement,Force,Tensile displacement,Tensile strain (Displacement),Tensile stress,15,Square
3,(s),(in),(lbf),(mm),(%),(MPa),15,Square
3,0,0,-0.00143,0,0,-0.0001,15,Square
3,0.05,0.00271,0.07843,0.0689,0.0678,0.0058,15,Square
3,0.1,0.01936,0.08382,0.4918,0.4841,0.0062,15,Square
3,0.15,0.04431,0.08197,1.1256,1.1078,0.0061,15,Square
3,0.2,0.06945,0.10648,1.764,1.7363,0.0079,15,Square
3,0.25,0.09449,0.10824,2.4,2.3622,0.0081,15,Square
3,0.3,0.1195,0.14892,3.0352,2.9874,0.0111,15,Square
3,0.35,0.1445,0.18448,3.6703,3.6125,0.0138,15,Square
3,0.4,0.1695,0.20057,4.3053,4.2375,0.015,15,Square
3,0.45,0.1945,0.0754,4.9402,4.8624,0.0056,15,Square
3,0.5,0.2195,0.12415,5.5752,5.4874,0.0093,15,Square
3,0.55,0.2445,0.11351,6.2103,6.1125,0.0085,15,Square
3,0.6,0.2695,0.15541,6.8453,6.7375,0.0116,15,Square
3,0.65,0.2945,0.1764,7.4802,7.3624,0.0131,15,Square
3,0.7,0.3195,0.21506,8.1152,7.9874,0.016,15,Square
3,0.75,0.3445,0.25562,8.7503,8.6125,0.0191,15,Square
3,0.8,0.3695,0.29974,9.3853,9.2375,0.0223,15,Square
3,0.85,0.3945,0.27404,10.0202,9.8624,0.0204,15,Square
3,0.9,0.4195,0.15636,10.6552,10.4874,0.0117,15,Square
3,0.95,0.4445,0.21391,11.2902,11.1125,0.0159,15,Square
3,1,0.4695,0.26469,11.9253,11.7375,0.0197,15,Square
3,1.05,0.4945,0.21746,12.5602,12.3624,0.0162,15,Square
3,1.1,0.5195,0.10506,13.1952,12.9874,0.0078,15,Square
3,1.15,0.5445,0.16143,13.8302,13.6124,0.012,15,Square
3,1.2,0.5695,0.20217,14.4653,14.2375,0.0151,15,Square
3,1.25,0.5945,0.23769,15.1002,14.8624,0.0177,15,Square
3,1.3,0.6195,0.17688,15.7352,15.4874,0.0132,15,Square
3,1.35,0.6445,0.21272,16.3702,16.1124,0.0159,15,Square
3,1.4,0.6695,0.24892,17.0052,16.7374,0.0186,15,Square
3,1.45,0.6945,0.2871,17.6403,17.3625,0.0214,15,Square
3,1.5,0.7195,0.33249,18.2752,17.9874,0.0248,15,Square
3,1.55,0.7445,0.3031,18.9102,18.6124,0.0226,15,Square
3,1.6,0.7695,0.16457,19.5453,19.2375,0.0123,15,Square
3,1.65,0.7945,0.21979,20.1802,19.8624,0.0164,15,Square
3,1.7,0.8195,0.26584,20.8152,20.4874,0.0198,15,Square
3,1.75,0.8445,0.26999,21.4502,21.1124,0.0201,15,Square
3,1.8,0.8695,0.27864,22.0852,21.7374,0.0208,15,Square
3,1.85,0.8945,0.3309,22.7203,22.3625,0.0247,15,Square
3,1.9,0.9195,0.37427,23.3552,22.9874,0.0279,15,Square
3,1.95,0.9445,0.42444,23.9902,23.6124,0.0316,15,Square
3,2,0.9695,0.41072,24.6252,24.2374,0.0306,15,Square
3,2.05,0.9945,0.38023,25.2603,24.8625,0.0283,15,Square
3,2.1,1.0195,0.44133,25.8953,25.4875,0.0329,15,Square
3,2.15,1.0445,0.4552,26.5302,26.1124,0.0339,15,Square
3,2.2,1.0695,0.51045,27.1652,26.7374,0.038,15,Square
3,2.25,1.0945,0.555,27.8002,27.3625,0.0414,15,Square
3,2.3,1.1195,0.6095,28.4352,27.9874,0.0454,15,Square
3,2.35,1.1445,0.6653,29.0702,28.6124,0.0496,15,Square
3,2.4,1.1695,0.62594,29.7052,29.2374,0.0467,15,Square
3,2.45,1.1945,0.41854,30.3403,29.8625,0.0312,15,Square
3,2.5,1.2195,0.49085,30.9752,30.4874,0.0366,15,Square
3,2.55,1.2445,0.54249,31.6102,31.1124,0.0404,15,Square
3,2.6,1.2695,0.47601,32.2452,31.7374,0.0355,15,Square
3,2.65,1.2945,0.51674,32.8802,32.3624,0.0385,15,Square
3,2.7,1.3195,0.56319,33.5153,32.9875,0.042,15,Square
3,2.75,1.3445,0.54758,34.1502,33.6124,0.0408,15,Square
3,2.8,1.3695,0.57498,34.7852,34.2374,0.0429,15,Square
3,2.85,1.3945,0.62651,35.4202,34.8624,0.0467,15,Square
3,2.9,1.4195,0.67909,36.0552,35.4874,0.0506,15,Square
3,2.95,1.4445,0.73128,36.6902,36.1124,0.0545,15,Square
3,3,1.4695,0.74955,37.3252,36.7374,0.0559,15,Square
3,3.05,1.4945,0.81928,37.9602,37.3624,0.0611,15,Square
3,3.1,1.5195,0.80531,38.5953,37.9875,0.06,15,Square
3,3.15,1.5445,0.855,39.2302,38.6124,0.0637,15,Square
3,3.2,1.5695,0.80656,39.8652,39.2374,0.0601,15,Square
3,3.25,1.5945,0.84574,40.5002,39.8624,0.063,15,Square
3,3.3,1.6195,0.76435,41.1353,40.4875,0.057,15,Square
3,3.35,1.6445,0.78655,41.7703,41.1125,0.0586,15,Square
3,3.4,1.6695,0.86953,42.4052,41.7374,0.0648,15,Square
3,3.45,1.6945,0.79591,43.0402,42.3624,0.0593,15,Square
3,3.5,1.7195,0.6953,43.6753,42.9875,0.0518,15,Square
3,3.55,1.7445,0.78642,44.3103,43.6125,0.0586,15,Square
3,3.6,1.7695,0.83586,44.9452,44.2374,0.0623,15,Square
3,3.65,1.7945,0.82219,45.5802,44.8624,0.0613,15,Square
3,3.7,1.8195,0.81684,46.2152,45.4874,0.0609,15,Square
3,3.75,1.8445,0.85494,46.8503,46.1125,0.0637,15,Square
3,3.8,1.8695,0.77331,47.4852,46.7374,0.0576,15,Square
3,3.85,1.8945,0.79994,48.1202,47.3624,0.0596,15,Square
3,3.9,1.9195,0.74866,48.7552,47.9874,0.0558,15,Square
3,3.95,1.9445,0.7057,49.3903,48.6125,0.0526,15,Square
3,4,1.9695,0.74869,50.0252,49.2374,0.0558,15,Square
3,4.05,1.9945,0.78763,50.6602,49.8624,0.0587,15,Square
3,4.1,2.0195,0.79746,51.2952,50.4874,0.0594,15,Square
3,4.15,2.0445,0.84079,51.9303,51.1125,0.0627,15,Square
3,4.2,2.0695,0.7721,52.5653,51.7375,0.0576,15,Square
3,4.25,2.0945,0.82603,53.2002,52.3624,0.0616,15,Square
3,4.3,2.1195,0.85441,53.8352,52.9874,0.0637,15,Square
3,4.35,2.1445,0.87059,54.4703,53.6125,0.0649,15,Square
3,4.4,2.1695,0.85724,55.1053,54.2375,0.0639,15,Square
3,4.45,2.1945,0.79462,55.7402,54.8624,0.0592,15,Square
3,4.5,2.2195,0.79243,56.3752,55.4874,0.0591,15,Square
3,4.55,2.2445,0.82046,57.0102,56.1124,0.0612,15,Square
3,4.6,2.2695,0.76625,57.6453,56.7375,0.0571,15,Square
3,4.65,2.2945,0.77129,58.2802,57.3624,0.0575,15,Square
3,4.7,2.3195,0.78796,58.9152,57.9874,0.0587,15,Square
3,4.75,2.3445,0.82667,59.5502,58.6124,0.0616,15,Square
3,4.8,2.3695,0.85683,60.1853,59.2375,0.0639,15,Square
3,4.85,2.3945,0.86918,60.8202,59.8624,0.0648,15,Square
3,4.9,2.4195,0.87626,61.4552,60.4874,0.0653,15,Square
3,4.95,2.4445,0.89603,62.0902,61.1124,0.0668,15,Square
3,5,2.4695,0.94105,62.7253,61.7375,0.0701,15,Square
3,5.05,2.4945,0.92423,63.3602,62.3624,0.0689,15,Square
3,5.1,2.5195,0.85228,63.9952,62.9874,0.0635,15,Square
3,5.15,2.5445,0.87067,64.6302,63.6124,0.0649,15,Square
3,5.2,2.5695,0.84902,65.2652,64.2374,0.0633,15,Square
3,5.25,2.5945,0.86645,65.9003,64.8625,0.0646,15,Square
3,5.3,2.6195,0.80015,66.5352,65.4874,0.0596,15,Square
3,5.35,2.6445,0.82464,67.1702,66.1124,0.0615,15,Square
3,5.4,2.6695,0.8913,67.8052,66.7374,0.0664,15,Square
3,5.45,2.6945,0.88249,68.4403,67.3625,0.0658,15,Square
3,5.5,2.7195,0.83251,69.0752,67.9874,0.0621,15,Square
3,5.55,2.7445,0.84878,69.7102,68.6124,0.0633,15,Square
3,5.6,2.7695,0.81991,70.3452,69.2374,0.0611,15,Square
3,5.65,2.7945,0.82873,70.9803,69.8625,0.0618,15,Square
3,5.7,2.8195,0.84363,71.6152,70.4874,0.0629,15,Square
3,5.75,2.8445,0.83144,72.2502,71.1124,0.062,15,Square
3,5.8,2.8695,0.83798,72.8852,71.7374,0.0625,15,Square
3,5.85,2.8945,0.85801,73.5203,72.3625,0.064,15,Square
3,5.9,2.9195,0.86582,74.1552,72.9874,0.0645,15,Square
3,5.95,2.9445,0.88142,74.7902,73.6124,0.0657,15,Square
3,6,2.9695,0.89096,75.4252,74.2374,0.0664,15,Square
3,6.05,2.9945,0.91081,76.0602,74.8624,0.0679,15,Square
3,6.1,3.0195,0.95419,76.6953,75.4875,0.0711,15,Square
3,6.15,3.0445,0.90891,77.3302,76.1124,0.0677,15,Square
3,6.2,3.0695,0.94574,77.9652,76.7374,0.0705,15,Square
3,6.25,3.0945,0.97182,78.6002,77.3624,0.0724,15,Square
3,6.3,3.1195,1.00014,79.2352,77.9874,0.0745,15,Square
3,6.35,3.1445,1.01276,79.8702,78.6124,0.0755,15,Square
3,6.4,3.1695,1.033,80.5052,79.2374,0.077,15,Square
3,6.45,3.1945,1.03111,81.1402,79.8624,0.0769,15,Square
3,6.5,3.2195,1.03013,81.7753,80.4875,0.0768,15,Square
3,6.55,3.2445,1.05553,82.4102,81.1124,0.0787,15,Square
3,6.6,3.2695,1.06527,83.0452,81.7374,0.0794,15,Square
3,6.65,3.2945,1.09469,83.6802,82.3624,0.0816,15,Square
3,6.7,3.3195,1.12402,84.3153,82.9875,0.0838,15,Square
3,6.75,3.3445,1.13304,84.9502,83.6124,0.0845,15,Square
3,6.8,3.3695,1.11888,85.5852,84.2374,0.0834,15,Square
3,6.85,3.3945,1.12502,86.2202,84.8624,0.0839,15,Square
3,6.9,3.4195,1.14858,86.8552,85.4874,0.0856,15,Square
3,6.95,3.4445,1.17572,87.4902,86.1125,0.0876,15,Square
3,7,3.4695,1.20706,88.1252,86.7374,0.09,15,Square
3,7.05,3.4945,1.20969,88.7602,87.3624,0.0902,15,Square
3,7.1,3.5195,1.25291,89.3953,87.9875,0.0934,15,Square
3,7.15,3.5445,1.26195,90.0303,88.6125,0.0941,15,Square
3,7.2,3.5695,1.28197,90.6652,89.2374,0.0956,15,Square
3,7.25,3.5945,1.30273,91.3002,89.8624,0.0971,15,Square
3,7.3,3.6195,1.36806,91.9352,90.4874,0.102,15,Square
3,7.35,3.6445,1.3501,92.5703,91.1125,0.1006,15,Square
3,7.4,3.6695,1.35619,93.2052,91.7374,0.1011,15,Square
3,7.45,3.6945,1.37234,93.8402,92.3624,0.1023,15,Square
3,7.5,3.7195,1.39718,94.4753,92.9875,0.1041,15,Square
3,7.55,3.7445,1.39918,95.1103,93.6125,0.1043,15,Square
3,7.6,3.7695,1.3971,95.7452,94.2374,0.1041,15,Square
3,7.65,3.7945,1.4051,96.3802,94.8624,0.1047,15,Square
3,7.7,3.8195,1.45411,97.0152,95.4874,0.1084,15,Square
3,7.75,3.8445,1.45799,97.6502,96.1124,0.1087,15,Square
3,7.8,3.8695,1.44601,98.2852,96.7375,0.1078,15,Square
3,7.85,3.8945,1.43966,98.9202,97.3624,0.1073,15,Square
3,7.9,3.9195,1.41854,99.5552,97.9874,0.1057,15,Square
3,7.95,3.9445,1.40256,100.1902,98.6125,0.1045,15,Square
3,8,3.9695,1.41173,100.8252,99.2375,0.1052,15,Square
3,8.05,3.9945,1.45438,101.4602,99.8624,0.1084,15,Square
3,8.1,4.0195,1.46158,102.0952,100.4874,0.1089,15,Square
3,8.15,4.0445,1.48695,102.7303,101.1125,0.1108,15,Square
3,8.2,4.0695,1.51954,103.3653,101.7375,0.1133,15,Square
3,8.25,4.0945,1.56496,104.0002,102.3624,0.1166,15,Square
3,8.3,4.1195,1.55545,104.6352,102.9874,0.1159,15,Square
3,8.35,4.1445,1.58807,105.2702,103.6124,0.1184,15,Square
3,8.4,4.1695,1.62767,105.9053,104.2374,0.1213,15,Square
3,8.45,4.1945,1.66145,106.5402,104.8624,0.1238,15,Square
3,8.5,4.2195,1.63748,107.1752,105.4874,0.1221,15,Square
3,8.55,4.2445,1.65864,107.8102,106.1124,0.1236,15,Square
3,8.6,4.2695,1.65072,108.4453,106.7375,0.123,15,Square
3,8.65,4.2945,1.69962,109.0802,107.3624,0.1267,15,Square
3,8.7,4.3195,1.73262,109.7152,107.9874,0.1291,15,Square
3,8.75,4.3445,1.72297,110.3502,108.6124,0.1284,15,Square
3,8.8,4.3695,1.73426,110.9853,109.2375,0.1293,15,Square
3,8.85,4.3945,1.73003,111.6203,109.8625,0.129,15,Square
3,8.9,4.4195,1.74103,112.2552,110.4874,0.1298,15,Square
3,8.95,4.4445,1.79163,112.8903,111.1125,0.1335,15,Square
3,9,4.4695,1.8008,113.5253,111.7375,0.1342,15,Square
3,9.05,4.4945,1.84085,114.1603,112.3625,0.1372,15,Square
3,9.1,4.5195,1.87366,114.7952,112.9874,0.1397,15,Square
3,9.15,4.5445,1.88705,115.4302,113.6124,0.1407,15,Square
3,9.2,4.5695,1.90747,116.0652,114.2375,0.1422,15,Square
3,9.25,4.5945,1.93134,116.7002,114.8625,0.144,15,Square
3,9.3,4.6195,1.96444,117.3352,115.4874,0.1464,15,Square
3,9.35,4.6445,1.98674,117.9702,116.1124,0.1481,15,Square
3,9.4,4.6695,2.014,118.6052,116.7374,0.1501,15,Square
3,9.45,4.6945,2.05408,119.2402,117.3624,0.1531,15,Square
3,9.5,4.7195,2.02435,119.8753,117.9875,0.1509,15,Square
3,9.55,4.7445,2.03338,120.5102,118.6124,0.1516,15,Square
3,9.6,4.7695,2.10462,121.1453,119.2375,0.1569,15,Square
3,9.65,4.7945,2.09036,121.7802,119.8624,0.1558,15,Square
3,9.7,4.8195,2.13086,122.4153,120.4875,0.1588,15,Square
3,9.75,4.8445,2.19968,123.0502,121.1124,0.164,15,Square
3,9.8,4.8695,2.17943,123.6853,121.7375,0.1624,15,Square
3,9.85,4.8945,2.21379,124.3202,122.3624,0.165,15,Square
3,9.9,4.9195,2.21793,124.9552,122.9874,0.1653,15,Square
3,9.95,4.9445,2.2499,125.5902,123.6124,0.1677,15,Square
3,10,4.9695,2.26633,126.2252,124.2374,0.1689,15,Square
3,10.05,4.9945,2.25708,126.8602,124.8624,0.1682,15,Square
3,10.1,5.0195,2.28098,127.4952,125.4874,0.17,15,Square
3,10.15,5.0445,2.31938,128.1302,126.1124,0.1729,15,Square
3,10.2,5.0695,2.3121,128.7652,126.7374,0.1723,15,Square
3,10.25,5.0945,2.30499,129.4003,127.3625,0.1718,15,Square
3,10.3,5.1195,2.3299,130.0353,127.9875,0.1737,15,Square
3,10.35,5.1445,2.34672,130.6702,128.6124,0.1749,15,Square
3,10.4,5.1695,2.36621,131.3052,129.2374,0.1764,15,Square
3,10.45,5.1945,2.43325,131.9403,129.8625,0.1814,15,Square
3,10.5,5.2195,2.50281,132.5753,130.4875,0.1866,15,Square
3,10.55,5.2445,2.42551,133.2102,131.1124,0.1808,15,Square
3,10.6,5.2695,2.43875,133.8452,131.7374,0.1818,15,Square
3,10.65,5.2945,2.51831,134.4802,132.3624,0.1877,15,Square
3,10.7,5.3195,2.48114,135.1152,132.9874,0.1849,15,Square
3,10.75,5.3445,2.49207,135.7502,133.6124,0.1858,15,Square
3,10.8,5.3695,2.50316,136.3852,134.2374,0.1866,15,Square
3,10.85,5.3945,2.48983,137.0202,134.8624,0.1856,15,Square
3,10.9,5.4195,2.51364,137.6553,135.4875,0.1874,15,Square
3,10.95,5.4445,2.52391,138.2902,136.1124,0.1881,15,Square
3,11,5.4695,2.56821,138.9252,136.7374,0.1914,15,Square
3,11.05,5.4945,2.60079,139.5602,137.3624,0.1939,15,Square
3,11.1,5.5195,2.62567,140.1953,137.9875,0.1957,15,Square
3,11.15,5.5445,2.67988,140.8302,138.6124,0.1998,15,Square
3,11.2,5.5695,2.68575,141.4652,139.2374,0.2002,15,Square
3,11.25,5.5945,2.73618,142.1002,139.8624,0.2039,15,Square
3,11.3,5.6195,2.76653,142.7353,140.4875,0.2062,15,Square
3,11.35,5.6445,2.78787,143.3702,141.1124,0.2078,15,Square
3,11.4,5.6695,2.77756,144.0052,141.7374,0.207,15,Square
3,11.45,5.6945,2.8257,144.6402,142.3624,0.2106,15,Square
3,11.5,5.7195,2.88467,145.2753,142.9875,0.215,15,Square
3,11.55,5.7445,2.89125,145.9102,143.6125,0.2155,15,Square
3,11.6,5.7695,2.85748,146.5452,144.2374,0.213,15,Square
3,11.65,5.7945,2.85565,147.1802,144.8624,0.2129,15,Square
3,11.7,5.8195,2.85311,147.8152,145.4874,0.2127,15,Square
3,11.75,5.8445,2.85666,148.4503,146.1125,0.2129,15,Square
3,11.8,5.8695,2.88077,149.0852,146.7374,0.2147,15,Square
3,11.85,5.8945,2.90735,149.7202,147.3624,0.2167,15,Square
3,11.9,5.9195,3.00151,150.3552,147.9874,0.2237,15,Square
3,11.95,5.9445,2.95247,150.9903,148.6125,0.2201,15,Square
3,12,5.9695,2.98363,151.6253,149.2375,0.2224,15,Square
3,12.05,5.9945,2.95634,152.2602,149.8624,0.2204,15,Square
3,12.1,6.0195,3.0008,152.8952,150.4874,0.2237,15,Square
3,12.15,6.0445,2.99208,153.5303,151.1125,0.223,15,Square
3,12.2,6.0695,3.07294,154.1653,151.7375,0.2291,15,Square
3,12.25,6.0945,3.11121,154.8002,152.3624,0.2319,15,Square
3,12.3,6.1195,3.12913,155.4352,152.9874,0.2332,15,Square
3,12.35,6.1445,3.02967,156.0703,153.6125,0.2258,15,Square
3,12.4,6.1695,3.06035,156.7052,154.2374,0.2281,15,Square
3,12.45,6.1945,3.13199,157.3402,154.8624,0.2335,15,Square
3,12.5,6.2195,3.15504,157.9752,155.4874,0.2352,15,Square
3,12.55,6.2445,3.18019,158.6102,156.1124,0.237,15,Square
3,12.6,6.2695,3.22654,159.2453,156.7375,0.2405,15,Square
3,12.65,6.2945,3.30137,159.8802,157.3624,0.2461,15,Square
3,12.7,6.3195,3.28502,160.5152,157.9874,0.2449,15,Square
3,12.75,6.3445,3.22604,161.1502,158.6124,0.2405,15,Square
3,12.8,6.3695,3.31759,161.7853,159.2375,0.2473,15,Square
3,12.85,6.3945,3.37227,162.4202,159.8624,0.2514,15,Square
3,12.9,6.4195,3.4088,163.0552,160.4874,0.2541,15,Square
3,12.95,6.4445,3.45927,163.6902,161.1124,0.2578,15,Square
3,13,6.4695,3.50548,164.3253,161.7375,0.2613,15,Square
3,13.05,6.4945,3.42625,164.9602,162.3624,0.2554,15,Square
3,13.1,6.5195,3.40107,165.5952,162.9874,0.2535,15,Square
3,13.15,6.5445,3.43372,166.2302,163.6124,0.2559,15,Square
3,13.2,6.5695,3.44322,166.8652,164.2375,0.2567,15,Square
3,13.25,6.5945,3.44377,167.5002,164.8624,0.2567,15,Square
3,13.3,6.6195,3.51193,168.1352,165.4874,0.2618,15,Square
3,13.35,6.6445,3.54645,168.7702,166.1124,0.2643,15,Square
3,13.4,6.6695,3.59371,169.4052,166.7374,0.2679,15,Square
3,13.45,6.6945,3.57926,170.0403,167.3625,0.2668,15,Square
3,13.5,6.7195,3.62512,170.6752,167.9874,0.2702,15,Square
3,13.55,6.7445,3.66757,171.3102,168.6124,0.2734,15,Square
3,13.6,6.7695,3.65615,171.9452,169.2374,0.2725,15,Square
3,13.65,6.7945,3.69669,172.5803,169.8625,0.2755,15,Square
3,13.7,6.8195,3.76236,173.2152,170.4874,0.2804,15,Square
3,13.75,6.8445,3.7982,173.8502,171.1124,0.2831,15,Square
3,13.8,6.8695,3.80173,174.4852,171.7374,0.2834,15,Square
3,13.85,6.8945,3.9292,175.1203,172.3625,0.2929,15,Square
3,13.9,6.9195,4.00407,175.7552,172.9874,0.2985,15,Square
3,13.95,6.9445,4.02122,176.3902,173.6124,0.2997,15,Square
3,14,6.9695,3.99933,177.0252,174.2374,0.2981,15,Square
3,14.05,6.9945,4.11236,177.6602,174.8625,0.3065,15,Square
3,14.1,7.0195,4.13049,178.2952,175.4874,0.3079,15,Square
3,14.15,7.0445,4.1647,178.9302,176.1124,0.3104,15,Square
3,14.2,7.0695,4.18941,179.5652,176.7374,0.3123,15,Square
3,14.25,7.0945,4.1521,180.2003,177.3625,0.3095,15,Square
3,14.3,7.1195,4.18402,180.8353,177.9875,0.3119,15,Square
3,14.35,7.1445,4.17899,181.4702,178.6124,0.3115,15,Square
3,14.4,7.1695,4.22607,182.1052,179.2374,0.315,15,Square
3,14.45,7.1945,4.23127,182.7402,179.8624,0.3154,15,Square
3,14.5,7.2195,4.31946,183.3753,180.4875,0.322,15,Square
3,14.55,7.2445,4.24247,184.0103,181.1125,0.3162,15,Square
3,14.6,7.2695,4.29786,184.6452,181.7374,0.3204,15,Square
3,14.65,7.2945,4.25883,185.2802,182.3624,0.3174,15,Square
3,14.7,7.3195,4.34103,185.9153,182.9875,0.3236,15,Square
3,14.75,7.3445,4.44408,186.5502,183.6124,0.3313,15,Square
3,14.8,7.3695,4.47789,187.1852,184.2374,0.3338,15,Square
3,14.85,7.3945,4.5608,187.8202,184.8624,0.34,15,Square
3,14.9,7.4195,4.63783,188.4552,185.4874,0.3457,15,Square
3,14.95,7.4445,4.59856,189.0902,186.1124,0.3428,15,Square
3,15,7.4695,4.63613,189.7252,186.7374,0.3456,15,Square
3,15.05,7.4945,4.71864,190.3602,187.3624,0.3517,15,Square
3,15.1,7.5195,4.77217,190.9952,187.9874,0.3557,15,Square
3,15.15,7.5445,4.77441,191.6303,188.6125,0.3559,15,Square
3,15.2,7.5695,4.74905,192.2652,189.2374,0.354,15,Square
3,15.25,7.5945,4.80675,192.9002,189.8624,0.3583,15,Square
3,15.3,7.6195,4.87706,193.5352,190.4874,0.3635,15,Square
3,15.35,7.6445,4.86438,194.1703,191.1125,0.3626,15,Square
3,15.4,7.6695,4.89451,194.8052,191.7374,0.3648,15,Square
3,15.45,7.6945,4.85886,195.4402,192.3624,0.3622,15,Square
3,15.5,7.7195,4.83151,196.0752,192.9874,0.3601,15,Square
3,15.55,7.7445,4.99507,196.7103,193.6125,0.3723,15,Square
3,15.6,7.7695,5.01649,197.3452,194.2374,0.3739,15,Square
3,15.65,7.7945,4.93353,197.9802,194.8624,0.3677,15,Square
3,15.7,7.8195,5.00989,198.6152,195.4874,0.3734,15,Square
3,15.75,7.8445,5.05414,199.2502,196.1124,0.3767,15,Square
3,15.8,7.8695,5.01271,199.8852,196.7374,0.3736,15,Square
3,15.85,7.8945,5.09166,200.5202,197.3624,0.3795,15,Square
3,15.9,7.9195,5.13133,201.1552,197.9874,0.3825,15,Square
3,15.95,7.9445,5.23368,201.7903,198.6125,0.3901,15,Square
3,16,7.9695,5.1989,202.4253,199.2375,0.3875,15,Square
3,16.05,7.9945,5.25452,203.0602,199.8624,0.3917,15,Square
3,16.1,8.0195,5.23751,203.6952,200.4874,0.3904,15,Square
3,16.15,8.0445,5.33003,204.3302,201.1124,0.3973,15,Square
3,16.2,8.0695,5.31536,204.9653,201.7375,0.3962,15,Square
3,16.25,8.0945,5.36239,205.6002,202.3624,0.3997,15,Square
3,16.3,8.1195,5.3912,206.2352,202.9874,0.4018,15,Square
3,16.35,8.1445,5.40991,206.8702,203.6124,0.4032,15,Square
3,16.4,8.1695,5.41195,207.5052,204.2374,0.4034,15,Square
3,16.45,8.1945,5.36903,208.1402,204.8624,0.4002,15,Square
3,16.5,8.2195,5.42107,208.7752,205.4874,0.4041,15,Square
3,16.55,8.2445,5.5043,209.4102,206.1124,0.4103,15,Square
3,16.6,8.2695,5.49902,210.0452,206.7374,0.4099,15,Square
3,16.65,8.2945,5.4883,210.6803,207.3625,0.4091,15,Square
3,16.7,8.3195,5.51327,211.3152,207.9874,0.4109,15,Square
3,16.75,8.3445,5.45563,211.9502,208.6124,0.4067,15,Square
3,16.8,8.3695,5.46292,212.5853,209.2375,0.4072,15,Square
3,16.85,8.3945,5.49226,213.2203,209.8625,0.4094,15,Square
3,16.9,8.4195,5.56318,213.8552,210.4874,0.4147,15,Square
3,16.95,8.4445,5.5689,214.4902,211.1124,0.4151,15,Square
3,17,8.4695,5.60847,215.1252,211.7374,0.418,15,Square
3,17.05,8.4945,5.65647,215.7603,212.3625,0.4216,15,Square
3,17.1,8.5195,5.69027,216.3952,212.9874,0.4241,15,Square
3,17.15,8.5445,5.75347,217.0302,213.6124,0.4289,15,Square
3,17.2,8.5695,5.56182,217.6652,214.2374,0.4146,15,Square
3,17.25,8.5945,5.56931,218.3002,214.8624,0.4151,15,Square
3,17.3,8.6195,5.66343,218.9352,215.4874,0.4221,15,Square
3,17.35,8.6445,5.69437,219.5702,216.1124,0.4244,15,Square
3,17.4,8.6695,5.67541,220.2052,216.7374,0.423,15,Square
3,17.45,8.6945,5.66102,220.8402,217.3625,0.422,15,Square
3,17.5,8.7195,5.70115,221.4752,217.9874,0.425,15,Square
3,17.55,8.7445,5.75764,222.1102,218.6124,0.4292,15,Square
3,17.6,8.7695,5.80821,222.7452,219.2374,0.4329,15,Square
3,17.65,8.7945,5.82125,223.3803,219.8625,0.4339,15,Square
3,17.7,8.8195,5.85011,224.0153,220.4875,0.4361,15,Square
3,17.75,8.8445,5.88664,224.6502,221.1124,0.4388,15,Square
3,17.8,8.8695,5.89167,225.2852,221.7374,0.4392,15,Square
3,17.85,8.8945,5.78095,225.9202,222.3624,0.4309,15,Square
3,17.9,8.9195,5.73132,226.5552,222.9874,0.4272,15,Square
3,17.95,8.9445,5.75966,227.1902,223.6124,0.4293,15,Square
3,18,8.9695,5.76621,227.8252,224.2374,0.4298,15,Square
3,18.05,8.9945,5.70265,228.4602,224.8624,0.4251,15,Square
3,18.1,9.0195,5.71311,229.0952,225.4874,0.4258,15,Square
3,18.15,9.0445,5.74086,229.7302,226.1124,0.4279,15,Square
3,18.2,9.0695,5.67901,230.3652,226.7374,0.4233,15,Square
3,18.25,9.0945,5.75467,231.0002,227.3624,0.4289,15,Square
3,18.3,9.1195,5.80345,231.6353,227.9875,0.4326,15,Square
3,18.35,9.1445,5.78152,232.2702,228.6124,0.4309,15,Square
3,18.371,9.155,5.80958,232.5369,228.8749,0.433,15,Square
