time_s,commanded_displacement_in,measured_displacement_in,displacement_along_dir_in,vertical_displacement_in,measured_pull_force_n,measured_pull_force_lbf,measured_vertical_force_lbf,reaction_force_x_n,reaction_force_y_n,reaction_force_z_n,target_x_m,target_y_m,target_z_m,pull_point_x_m,pull_point_y_m,pull_point_z_m,base_bottom_y_m,pull_angle_deg,pull_height_in,force_stop_threshold_lbf,grain_size_in
0.004166666666666667,0.004166666666666667,0.004166666666666667,0.004166666666666667,0.004166666666666667,0.0,0.0,-0.46585850544152047,1.817105813048636,2.072241873555254,0.21364493957102948,7.918956475167987e-06,0.36831439512825076,-4.934065311235451e-07,7.918956475167987e-06,0.36831439512825076,-4.934065311235451e-07,-0.07618560367964863,0.0,17.5,500.0,0.8
0.008333333333333333,0.008333333333333333,0.008333333333333333,0.008333333333333333,0.008333333333333333,0.0,0.0,-0.44248122768316367,1.7140577802701937,1.9682545613247167,0.2197909506608793,7.918956475167987e-06,0.36842022846158407,-4.934065311235451e-07,7.918956475167987e-06,0.36842022846158407,-4.934065311235451e-07,-0.0760797703463153,0.0,17.5,500.0,0.8
0.0125,0.0125,0.0125,0.0125,0.0125,0.0,0.0,-0.43356293418490693,1.6757888757537895,1.928584015414585,0.224055802016636,7.918956475167987e-06,0.3685260617949174,-4.934065311235451e-07,7.918956475167987e-06,0.3685260617949174,-4.934065311235451e-07,-0.07597393701298197,0.0,17.5,500.0,0.8
0.016666666666666666,0.016666666666666666,0.016666666666666666,0.016666666666666666,0.016666666666666666,0.0,0.0,-0.4403536584801023,1.7061596789836233,1.9587906620077087,0.22588354039978148,7.918956475167987e-06,0.36863189512825073,-4.934065311235451e-07,7.918956475167987e-06,0.36863189512825073,-4.934065311235451e-07,-0.07586810367964864,0.0,17.5,500.0,0.8
0.020833333333333332,0.020833333333333332,0.020833333333333332,0.020833333333333332,0.020833333333333332,0.0,0.0,-0.44640856842229015,1.7337996636812147,1.9857242432909696,0.22707525432146264,7.918956475167987e-06,0.3687377284615841,-4.934065311235451e-07,7.918956475167987e-06,0.3687377284615841,-4.934065311235451e-07,-0.0757622703463153,0.0,17.5,500.0,0.8
0.024999999999999998,0.024999999999999998,0.024999999999999998,0.024999999999999998,0.024999999999999998,0.0,0.0,-0.45098762353028754,1.7555444401831974,2.0060928951998065,0.23063247353754404,7.918956475167987e-06,0.3688435617949174,-4.934065311235451e-07,7.918956475167987e-06,0.3688435617949174,-4.934065311235451e-07,-0.07565643701298197,0.0,17.5,500.0,0.8
0.029166666666666664,0.029166666666666664,0.029166666666666664,0.029166666666666664,0.029166666666666664,0.0,0.0,-0.45048373395232527,1.7571159222748762,2.003851482687413,0.23274410718648325,7.918956475167987e-06,0.36894939512825076,-4.934065311235451e-07,7.918956475167987e-06,0.36894939512825076,-4.934065311235451e-07,-0.07555060367964864,0.0,17.5,500.0,0.8
0.03333333333333333,0.03333333333333333,0.03333333333333333,0.03333333333333333,0.03333333333333333,0.0,0.0,-0.4566282867675823,1.7860705871015305,2.031183815336314,0.23380153960780012,7.918956475167987e-06,0.36905522846158406,-4.934065311235451e-07,7.918956475167987e-06,0.36905522846158406,-4.934065311235451e-07,-0.0754447703463153,0.0,17.5,500.0,0.8
0.0375,0.0375,0.0375,0.0375,0.0375,0.0,0.0,-0.45471624218859497,1.780942495829842,2.022678617310732,0.2338711127177245,7.918956475167987e-06,0.3691610617949174,-4.934065311235451e-07,7.918956475167987e-06,0.3691610617949174,-4.934065311235451e-07,-0.07533893701298197,0.0,17.5,500.0,0.8
0.041666666666666664,0.041666666666666664,0.041666666666666664,0.041666666666666664,0.041666666666666664,0.0,0.0,-0.4542815480346673,1.7846019232552957,2.020745001379206,0.23247673001419558,7.918956475167987e-06,0.3692668951282507,-4.934065311235451e-07,7.918956475167987e-06,0.3692668951282507,-4.934065311235451e-07,-0.07523310367964864,0.0,17.5,500.0,0.8
0.04583333333333333,0.04583333333333332,0.04583333333333332,0.04583333333333332,0.04583333333333332,0.0,0.0,-0.4493834415073498,1.7677540741908293,1.9989571380505717,0.23367575036551871,7.918956475167987e-06,0.3693727284615841,-4.934065311235451e-07,7.918956475167987e-06,0.3693727284615841,-4.934065311235451e-07,-0.07512727034631529,0.0,17.5,500.0,0.8
0.049999999999999996,0.049999999999999996,0.049999999999999996,0.049999999999999996,0.049999999999999996,0.0,0.0,-0.46545136203544546,1.8441594917922917,2.070430809455843,0.23211794138434536,7.918956475167987e-06,0.3694785617949174,-4.934065311235451e-07,7.918956475167987e-06,0.3694785617949174,-4.934065311235451e-07,-0.07502143701298196,0.0,17.5,500.0,0.8
0.05416666666666666,0.05416666666666666,0.05416666666666666,0.05416666666666666,0.05416666666666666,0.0,0.0,-0.4745047186198631,1.8890469510471077,2.1107021459052584,0.23030997789466667,7.918956475167987e-06,0.36958439512825075,-4.934065311235451e-07,7.918956475167987e-06,0.36958439512825075,-4.934065311235451e-07,-0.07491560367964863,0.0,17.5,500.0,0.8
0.05833333333333333,0.05833333333333333,0.05833333333333333,0.05833333333333333,0.05833333333333333,0.0,0.0,-0.47788582514345884,1.9106027160621593,2.125742057026996,0.2283132011101318,7.918956475167987e-06,0.36969022846158406,-4.934065311235451e-07,7.918956475167987e-06,0.36969022846158406,-4.934065311235451e-07,-0.0748097703463153,0.0,17.5,500.0,0.8
0.06249999999999999,0.06249999999999999,0.06249999999999999,0.06249999999999999,0.06249999999999999,0.0,0.0,-0.47818226238626593,1.9206466333438779,2.127060675578017,0.22562012535704326,7.918956475167987e-06,0.3697960617949174,-4.934065311235451e-07,7.918956475167987e-06,0.3697960617949174,-4.934065311235451e-07,-0.07470393701298196,0.0,17.5,500.0,0.8
0.06666666666666667,0.06666666666666667,0.06666666666666667,0.06666666666666667,0.06666666666666667,0.0,0.0,-0.4851237135165611,1.9651308031176533,2.1579377885370303,0.21950140906303003,7.918956475167987e-06,0.3699018951282507,-4.934065311235451e-07,7.918956475167987e-06,0.3699018951282507,-4.934065311235451e-07,-0.07459810367964863,0.0,17.5,500.0,0.8
0.07083333333333333,0.07083333333333333,0.07083333333333333,0.07083333333333333,0.07083333333333333,0.0,0.0,-0.48926185347947687,1.9967904047048162,2.176345152167022,0.21441694582288687,7.918956475167987e-06,0.3700077284615841,-4.934065311235451e-07,7.918956475167987e-06,0.3700077284615841,-4.934065311235451e-07,-0.0744922703463153,0.0,17.5,500.0,0.8
0.075,0.075,0.075,0.075,0.075,0.0,0.0,-0.49032827059777395,2.012046984296687,2.181088811843509,0.21224049138062356,7.918956475167987e-06,0.3701135617949174,-4.934065311235451e-07,7.918956475167987e-06,0.3701135617949174,-4.934065311235451e-07,-0.07438643701298196,0.0,17.5,500.0,0.8
0.07916666666666666,0.07916666666666666,0.07916666666666666,0.07916666666666666,0.07916666666666666,0.0,0.0,-0.49512300008831467,2.0430211025361507,2.2024168312026315,0.20910790700102952,7.918956475167987e-06,0.37021939512825075,-4.934065311235451e-07,7.918956475167987e-06,0.37021939512825075,-4.934065311235451e-07,-0.07428060367964863,0.0,17.5,500.0,0.8
0.08333333333333333,0.08333333333333333,0.08333333333333333,0.08333333333333333,0.08333333333333333,0.0,0.0,-0.4882134763981668,2.0220327597925136,2.171681738573001,0.20494502812699641,7.918956475167987e-06,0.37032522846158406,-4.934065311235451e-07,7.918956475167987e-06,0.37032522846158406,-4.934065311235451e-07,-0.0741747703463153,0.0,17.5,500.0,0.8
0.0875,0.0875,0.0875,0.0875,0.0875,0.0,0.0,-0.5603782599719178,2.1586949874360006,2.4926866887259425,0.3454004325202925,7.918956475167987e-06,0.3704310617949174,-4.934065311235451e-07,7.918956475167987e-06,0.3704310617949174,-4.934065311235451e-07,-0.07406893701298196,0.0,17.5,500.0,0.8
0.09166666666666666,0.09166666666666665,0.09166666666666665,0.09166666666666665,0.09166666666666665,0.0,0.0,-0.606276341624284,2.3251428907163274,2.6968515276307263,0.3306120901661788,7.918956475167987e-06,0.3705368951282507,-4.934065311235451e-07,7.918956475167987e-06,0.3705368951282507,-4.934065311235451e-07,-0.07396310367964863,0.0,17.5,500.0,0.8
0.09583333333333333,0.09583333333333333,0.09583333333333333,0.09583333333333333,0.09583333333333333,0.0,0.0,-0.6296422763769217,2.3936340502695286,2.800788383658042,0.35618501179746387,7.918956475167987e-06,0.3706427284615841,-4.934065311235451e-07,7.918956475167987e-06,0.3706427284615841,-4.934065311235451e-07,-0.0738572703463153,0.0,17.5,500.0,0.8
0.09999999999999999,0.09999999999999999,0.09999999999999999,0.09999999999999999,0.09999999999999999,0.0,0.0,-0.6427250890867083,2.4461847752898636,2.858983633942045,0.35851054146081546,7.918956475167987e-06,0.37074856179491744,-4.934065311235451e-07,7.918956475167987e-06,0.37074856179491744,-4.934065311235451e-07,-0.07375143701298197,0.0,17.5,500.0,0.8
0.10416666666666666,0.10416666666666666,0.10416666666666666,0.10416666666666666,0.10416666666666666,0.0,0.0,-0.6437153059321771,2.4459611148556997,2.863388337917848,0.3626433743479022,7.918956475167987e-06,0.37085439512825075,-4.934065311235451e-07,7.918956475167987e-06,0.37085439512825075,-4.934065311235451e-07,-0.07364560367964863,0.0,17.5,500.0,0.8
0.10833333333333332,0.10833333333333332,0.10833333333333332,0.10833333333333332,0.10833333333333332,0.0,0.0,-0.6492094182742144,2.4656181107199244,2.8878273671943364,0.36645800917641336,7.918956475167987e-06,0.3709602284615841,-4.934065311235451e-07,7.918956475167987e-06,0.3709602284615841,-4.934065311235451e-07,-0.0735397703463153,0.0,17.5,500.0,0.8
0.11249999999999999,0.1125,0.1125,0.1125,0.1125,0.0,0.0,-0.6556511759273699,2.48965760909867,2.916481732827336,0.36993889983306777,7.918956475167987e-06,0.3710660617949174,-4.934065311235451e-07,7.918956475167987e-06,0.3710660617949174,-4.934065311235451e-07,-0.07343393701298197,0.0,17.5,500.0,0.8
0.11666666666666665,0.11666666666666665,0.11666666666666665,0.11666666666666665,0.11666666666666665,0.0,0.0,-0.6606955210996027,2.5079471320794298,2.9389200980572676,0.37299428839045606,7.918956475167987e-06,0.3711718951282508,-4.934065311235451e-07,7.918956475167987e-06,0.3711718951282508,-4.934065311235451e-07,-0.07332810367964863,0.0,17.5,500.0,0.8
0.12083333333333332,0.12083333333333332,0.12083333333333332,0.12083333333333332,0.12083333333333332,0.0,0.0,-0.664807071999269,2.522518739160892,2.9572091876413835,0.37531223741100445,7.918956475167987e-06,0.3712777284615841,-4.934065311235451e-07,7.918956475167987e-06,0.3712777284615841,-4.934065311235451e-07,-0.0732222703463153,0.0,17.5,500.0,0.8
0.12499999999999999,0.12499999999999999,0.12499999999999999,0.12499999999999999,0.12499999999999999,0.0,0.0,-0.6694812399166004,2.539807990334893,2.978000922404587,0.37721391441425356,7.918956475167987e-06,0.37138356179491744,-4.934065311235451e-07,7.918956475167987e-06,0.37138356179491744,-4.934065311235451e-07,-0.07311643701298197,0.0,17.5,500.0,0.8
0.12916666666666665,0.12916666666666665,0.12916666666666665,0.12916666666666665,0.12916666666666665,0.0,0.0,-0.6739330241261566,2.5562410521582737,2.9978034451519853,0.3802725188272193,7.918956475167987e-06,0.37148939512825074,-4.934065311235451e-07,7.918956475167987e-06,0.37148939512825074,-4.934065311235451e-07,-0.07301060367964864,0.0,17.5,500.0,0.8
0.13333333333333333,0.13333333333333333,0.13333333333333333,0.13333333333333333,0.13333333333333333,0.0,0.0,-0.6787075315573886,2.573768479934147,3.0190415123097862,0.3833764274737117,7.918956475167987e-06,0.3715952284615841,-4.934065311235451e-07,7.918956475167987e-06,0.3715952284615841,-4.934065311235451e-07,-0.0729047703463153,0.0,17.5,500.0,0.8
0.1375,0.1375,0.1375,0.1375,0.1375,0.0,0.0,-0.6834753899822122,2.591996730253524,3.040250003213561,0.3855140867294765,7.918956475167987e-06,0.3717010617949174,-4.934065311235451e-07,7.918956475167987e-06,0.3717010617949174,-4.934065311235451e-07,-0.07279893701298197,0.0,17.5,500.0,0.8
0.1416666666666667,0.1416666666666667,0.1416666666666667,0.1416666666666667,0.1416666666666667,0.0,0.0,-0.6734722004068356,2.542623867852719,2.99575359912288,0.394966011041185,7.918956475167987e-06,0.37180689512825077,-4.934065311235451e-07,7.918956475167987e-06,0.37180689512825077,-4.934065311235451e-07,-0.07269310367964864,0.0,17.5,500.0,0.8
0.14583333333333337,0.14583333333333337,0.14583333333333337,0.14583333333333337,0.14583333333333337,0.0,0.0,-0.6743929205110265,2.5446909385929386,2.999849166191941,0.39698887428695245,7.918956475167987e-06,0.3719127284615841,-4.934065311235451e-07,7.918956475167987e-06,0.3719127284615841,-4.934065311235451e-07,-0.07258727034631529,0.0,17.5,500.0,0.8
0.15000000000000005,0.15000000000000005,0.15000000000000005,0.15000000000000005,0.15000000000000005,0.0,0.0,-0.6759335031702256,2.549519499369925,3.0067020192766774,0.39892626025744105,7.918956475167987e-06,0.37201856179491744,-4.934065311235451e-07,7.918956475167987e-06,0.37201856179491744,-4.934065311235451e-07,-0.07248143701298196,0.0,17.5,500.0,0.8
0.15416666666666673,0.15416666666666673,0.15416666666666673,0.15416666666666673,0.15416666666666673,0.0,0.0,-0.6777417372617107,2.5557126410701083,3.0147454452478617,0.40075456088064565,7.918956475167987e-06,0.37212439512825074,-4.934065311235451e-07,7.918956475167987e-06,0.37212439512825074,-4.934065311235451e-07,-0.07237560367964863,0.0,17.5,500.0,0.8
0.1583333333333334,0.1583333333333334,0.1583333333333334,0.1583333333333334,0.1583333333333334,0.0,0.0,-0.6795749569246189,2.562241655696304,3.02290001257792,0.40232111514850427,7.918956475167987e-06,0.3722302284615841,-4.934065311235451e-07,7.918956475167987e-06,0.3722302284615841,-4.934065311235451e-07,-0.07226977034631529,0.0,17.5,500.0,0.8
0.1625000000000001,0.1625000000000001,0.1625000000000001,0.1625000000000001,0.1625000000000001,0.0,0.0,-0.6814348166020082,2.569018878390107,3.0311730805962243,0.4038410157817843,7.918956475167987e-06,0.3723360617949174,-4.934065311235451e-07,7.918956475167987e-06,0.3723360617949174,-4.934065311235451e-07,-0.07216393701298196,0.0,17.5,500.0,0.8
0.16666666666666677,0.16666666666666677,0.16666666666666677,0.16666666666666677,0.16666666666666677,0.0,0.0,-0.6865730882861111,2.591478064640935,3.0540292517665018,0.40442173712504226,7.918956475167987e-06,0.37244189512825077,-4.934065311235451e-07,7.918956475167987e-06,0.37244189512825077,-4.934065311235451e-07,-0.07205810367964863,0.0,17.5,500.0,0.8
0.17083333333333345,0.17083333333333345,0.17083333333333345,0.17083333333333345,0.17083333333333345,0.0,0.0,-0.7027586901865043,2.662563968750201,3.1260263959957397,0.4088388024628432,7.918956475167987e-06,0.37254772846158407,-4.934065311235451e-07,7.918956475167987e-06,0.37254772846158407,-4.934065311235451e-07,-0.0719522703463153,0.0,17.5,500.0,0.8
0.17500000000000013,0.17500000000000013,0.17500000000000013,0.17500000000000013,0.17500000000000013,0.0,0.0,-0.7088395116277093,2.688084243984731,3.1530752373690127,0.41133151430304826,7.918956475167987e-06,0.37265356179491743,-4.934065311235451e-07,7.918956475167987e-06,0.37265356179491743,-4.934065311235451e-07,-0.07184643701298196,0.0,17.5,500.0,0.8
0.1791666666666668,0.1791666666666668,0.1791666666666668,0.1791666666666668,0.1791666666666668,0.0,0.0,-0.7117513665307369,2.700187432397682,3.1660278132891455,0.41241745494568655,7.918956475167987e-06,0.37275939512825074,-4.934065311235451e-07,7.918956475167987e-06,0.37275939512825074,-4.934065311235451e-07,-0.07174060367964863,0.0,17.5,500.0,0.8
0.1833333333333335,0.1833333333333335,0.1833333333333335,0.1833333333333335,0.1833333333333335,0.0,0.0,-0.7131493329644029,2.7056991367421954,3.172246277796779,0.4131078190719251,7.918956475167987e-06,0.3728652284615841,-4.934065311235451e-07,7.918956475167987e-06,0.3728652284615841,-4.934065311235451e-07,-0.0716347703463153,0.0,17.5,500.0,0.8
0.18750000000000017,0.18750000000000017,0.18750000000000017,0.18750000000000017,0.18750000000000017,0.0,0.0,-0.7144947862848725,2.7110281576305133,3.178231152339208,0.413571077517496,7.918956475167987e-06,0.3729710617949174,-4.934065311235451e-07,7.918956475167987e-06,0.3729710617949174,-4.934065311235451e-07,-0.07152893701298196,0.0,17.5,500.0,0.8
0.19166666666666685,0.19166666666666685,0.19166666666666685,0.19166666666666685,0.19166666666666685,0.0,0.0,-0.7160249088269139,2.717264585834472,3.185037476504706,0.41387818143644556,7.918956475167987e-06,0.37307689512825076,-4.934065311235451e-07,7.918956475167987e-06,0.37307689512825076,-4.934065311235451e-07,-0.07142310367964863,0.0,17.5,500.0,0.8
0.19583333333333353,0.19583333333333353,0.19583333333333353,0.19583333333333353,0.19583333333333353,0.0,0.0,-0.7176399503640621,2.723980113659148,3.1922215391797826,0.4140173891230397,7.918956475167987e-06,0.37318272846158407,-4.934065311235451e-07,7.918956475167987e-06,0.37318272846158407,-4.934065311235451e-07,-0.0713172703463153,0.0,17.5,500.0,0.8
0.2000000000000002,0.20000000000000018,0.20000000000000018,0.20000000000000018,0.20000000000000018,0.0,0.0,-0.7190962030919716,2.730135881113616,3.1986992740413434,0.4140580314715422,7.918956475167987e-06,0.37328856179491743,-4.934065311235451e-07,7.918956475167987e-06,0.37328856179491743,-4.934065311235451e-07,-0.07121143701298197,0.0,17.5,500.0,0.8
0.20416666666666689,0.20416666666666686,0.20416666666666686,0.20416666666666686,0.20416666666666686,0.0,0.0,-0.7205481751536182,2.736440253892983,3.205157967550706,0.41386030340748653,7.918956475167987e-06,0.37339439512825073,-4.934065311235451e-07,7.918956475167987e-06,0.37339439512825073,-4.934065311235451e-07,-0.07110560367964863,0.0,17.5,500.0,0.8
0.20833333333333356,0.20833333333333354,0.20833333333333354,0.20833333333333354,0.20833333333333354,0.0,0.0,-0.721912528219362,2.7459820806529285,3.2112269123485864,0.4124641817975866,7.918956475167987e-06,0.3735002284615841,-4.934065311235451e-07,7.918956475167987e-06,0.3735002284615841,-4.934065311235451e-07,-0.0709997703463153,0.0,17.5,500.0,0.8
0.21250000000000024,0.21250000000000022,0.21250000000000022,0.21250000000000022,0.21250000000000022,0.0,0.0,-0.7238572760876619,2.7546381607473482,3.2198775818525784,0.4123505886979015,7.918956475167987e-06,0.3736060617949174,-4.934065311235451e-07,7.918956475167987e-06,0.3736060617949174,-4.934065311235451e-07,-0.07089393701298197,0.0,17.5,500.0,0.8
0.21666666666666692,0.2166666666666669,0.2166666666666669,0.2166666666666669,0.2166666666666669,0.0,0.0,-0.7254235396353892,2.7618097917688407,3.226844669220765,0.4118640099258353,7.918956475167987e-06,0.37371189512825076,-4.934065311235451e-07,7.918956475167987e-06,0.37371189512825076,-4.934065311235451e-07,-0.07078810367964862,0.0,17.5,500.0,0.8
0.2208333333333336,0.22083333333333358,0.22083333333333358,0.22083333333333358,0.22083333333333358,0.0,0.0,-0.8279761030554845,3.214028132491059,3.6830211985258186,0.4154899426796258,7.918956475167987e-06,0.37381772846158406,-4.934065311235451e-07,7.918956475167987e-06,0.37381772846158406,-4.934065311235451e-07,-0.07068227034631529,0.0,17.5,500.0,0.8
0.22500000000000028,0.22500000000000026,0.22500000000000026,0.22500000000000026,0.22500000000000026,0.0,0.0,-0.8475523621688282,3.3057548430421173,3.770100737459622,0.410450742014134,7.918956475167987e-06,0.3739235617949174,-4.934065311235451e-07,7.918956475167987e-06,0.3739235617949174,-4.934065311235451e-07,-0.07057643701298195,0.0,17.5,500.0,0.8
0.22916666666666696,0.229166666666667,0.229166666666667,0.229166666666667,0.229166666666667,0.0,0.0,-0.9058400877276055,3.359700424598857,4.0293774581942134,0.5998312662853512,7.918956475167987e-06,0.37402939512825073,-4.934065311235451e-07,7.918956475167987e-06,0.37402939512825073,-4.934065311235451e-07,-0.07047060367964862,0.0,17.5,500.0,0.8
0.23333333333333364,0.23333333333333367,0.23333333333333367,0.23333333333333367,0.23333333333333367,0.0,0.0,-0.9194616534880957,3.4037934276741186,4.08996920144364,0.6160670880462261,7.918956475167987e-06,0.3741352284615841,-4.934065311235451e-07,7.918956475167987e-06,0.3741352284615841,-4.934065311235451e-07,-0.07036477034631529,0.0,17.5,500.0,0.8
0.23750000000000032,0.23750000000000035,0.23750000000000035,0.23750000000000035,0.23750000000000035,0.0,0.0,-0.9267370243529371,3.431455359852559,4.122331663383623,0.6225374125027578,7.918956475167987e-06,0.3742410617949174,-4.934065311235451e-07,7.918956475167987e-06,0.3742410617949174,-4.934065311235451e-07,-0.07025893701298196,0.0,17.5,500.0,0.8
0.241666666666667,0.24166666666666703,0.24166666666666703,0.24166666666666703,0.24166666666666703,0.0,0.0,-0.9350949854254642,3.4697292205604824,4.159509726485895,0.620139992385154,7.918956475167987e-06,0.37434689512825076,-4.934065311235451e-07,7.918956475167987e-06,0.37434689512825076,-4.934065311235451e-07,-0.07015310367964862,0.0,17.5,500.0,0.8
0.24583333333333368,0.2458333333333337,0.2458333333333337,0.2458333333333337,0.2458333333333337,0.0,0.0,-0.9429399352286271,3.5037460153997992,4.194405801770913,0.6196494791715567,7.918956475167987e-06,0.3744527284615841,-4.934065311235451e-07,7.918956475167987e-06,0.3744527284615841,-4.934065311235451e-07,-0.07004727034631529,0.0,17.5,500.0,0.8
0.25000000000000033,0.25000000000000033,0.25000000000000033,0.25000000000000033,0.25000000000000033,0.0,0.0,-0.95152276295304,3.5406804664663176,4.2325841215746545,0.6195189056427306,7.918956475167987e-06,0.3745585617949174,-4.934065311235451e-07,7.918956475167987e-06,0.3745585617949174,-4.934065311235451e-07,-0.06994143701298196,0.0,17.5,500.0,0.8
0.254166666666667,0.254166666666667,0.254166666666667,0.254166666666667,0.254166666666667,0.0,0.0,-0.9599281922606195,3.577142626495713,4.269973333906126,0.6189232043474062,7.918956475167987e-06,0.3746643951282508,-4.934065311235451e-07,7.918956475167987e-06,0.3746643951282508,-4.934065311235451e-07,-0.06983560367964863,0.0,17.5,500.0,0.8
0.25833333333333364,0.25833333333333364,0.25833333333333364,0.25833333333333364,0.25833333333333364,0.0,0.0,-0.9689953819779363,3.6164260501202947,4.31030620319631,0.6187685555814278,7.918956475167987e-06,0.3747702284615841,-4.934065311235451e-07,7.918956475167987e-06,0.3747702284615841,-4.934065311235451e-07,-0.06972977034631529,0.0,17.5,500.0,0.8
0.2625000000000003,0.2625000000000003,0.2625000000000003,0.2625000000000003,0.2625000000000003,0.0,0.0,-0.977970583338732,3.654326635796616,4.350229887890666,0.6202927777083189,7.918956475167987e-06,0.37487606179491745,-4.934065311235451e-07,7.918956475167987e-06,0.37487606179491745,-4.934065311235451e-07,-0.06962393701298196,0.0,17.5,500.0,0.8
0.26666666666666694,0.26666666666666694,0.26666666666666694,0.26666666666666694,0.26666666666666694,0.0,0.0,-0.9869128895341871,3.694250698042842,4.390007247599516,0.6195070711295527,7.918956475167987e-06,0.37498189512825075,-4.934065311235451e-07,7.918956475167987e-06,0.37498189512825075,-4.934065311235451e-07,-0.06951810367964863,0.0,17.5,500.0,0.8
0.2708333333333336,0.2708333333333336,0.2708333333333336,0.2708333333333336,0.2708333333333336,0.0,0.0,-0.9953739408012339,3.7293827749878976,4.427643878733372,0.6208878271787639,7.918956475167987e-06,0.3750877284615841,-4.934065311235451e-07,7.918956475167987e-06,0.3750877284615841,-4.934065311235451e-07,-0.0694122703463153,0.0,17.5,500.0,0.8
0.27500000000000024,0.27500000000000024,0.27500000000000024,0.27500000000000024,0.27500000000000024,0.0,0.0,-1.0033275157885102,3.7628142518410055,4.463023142910324,0.6208454052539043,7.918956475167987e-06,0.3751935617949174,-4.934065311235451e-07,7.918956475167987e-06,0.3751935617949174,-4.934065311235451e-07,-0.06930643701298196,0.0,17.5,500.0,0.8
0.2791666666666669,0.2791666666666669,0.2791666666666669,0.2791666666666669,0.2791666666666669,0.0,0.0,-1.0113080501669065,3.791851267602888,4.498522328433591,0.6245144355718014,7.918956475167987e-06,0.3752993951282508,-4.934065311235451e-07,7.918956475167987e-06,0.3752993951282508,-4.934065311235451e-07,-0.06920060367964863,0.0,17.5,500.0,0.8
0.28333333333333355,0.28333333333333355,0.28333333333333355,0.28333333333333355,0.28333333333333355,0.0,0.0,-1.0276795690322258,3.839548649587789,4.571346472524855,0.6385491212382278,7.918956475167987e-06,0.3754052284615841,-4.934065311235451e-07,7.918956475167987e-06,0.3754052284615841,-4.934065311235451e-07,-0.0690947703463153,0.0,17.5,500.0,0.8
0.2875000000000002,0.2875000000000002,0.2875000000000002,0.2875000000000002,0.2875000000000002,0.0,0.0,-1.0375102242819032,3.877953056759796,4.615075405698588,0.6410691347085343,7.918956475167987e-06,0.37551106179491744,-4.934065311235451e-07,7.918956475167987e-06,0.37551106179491744,-4.934065311235451e-07,-0.06898893701298196,0.0,17.5,500.0,0.8
0.29166666666666685,0.29166666666666685,0.29166666666666685,0.29166666666666685,0.29166666666666685,0.0,0.0,-1.0464888244507196,3.9117537358654797,4.655014209044247,0.6452042525445127,7.918956475167987e-06,0.37561689512825075,-4.934065311235451e-07,7.918956475167987e-06,0.37561689512825075,-4.934065311235451e-07,-0.06888310367964863,0.0,17.5,500.0,0.8
0.2958333333333335,0.2958333333333335,0.2958333333333335,0.2958333333333335,0.2958333333333335,0.0,0.0,-1.0551714417480131,3.944496910805655,4.693636414983053,0.6490343614761824,7.918956475167987e-06,0.3757227284615841,-4.934065311235451e-07,7.918956475167987e-06,0.3757227284615841,-4.934065311235451e-07,-0.0687772703463153,0.0,17.5,500.0,0.8
0.30000000000000016,0.30000000000000016,0.30000000000000016,0.30000000000000016,0.30000000000000016,0.0,0.0,-1.0636914608268182,3.976833790616407,4.731535348011777,0.652530811615108,7.918956475167987e-06,0.3758285617949174,-4.934065311235451e-07,7.918956475167987e-06,0.3758285617949174,-4.934065311235451e-07,-0.06867143701298196,0.0,17.5,500.0,0.8
0.3041666666666668,0.3041666666666668,0.3041666666666668,0.3041666666666668,0.3041666666666668,0.0,0.0,-1.0720262032947165,4.008613032862058,4.768610129615064,0.656145663825478,7.918956475167987e-06,0.3759343951282508,-4.934065311235451e-07,7.918956475167987e-06,0.3759343951282508,-4.934065311235451e-07,-0.06856560367964863,0.0,17.5,500.0,0.8
0.30833333333333346,0.30833333333333346,0.30833333333333346,0.30833333333333346,0.30833333333333346,0.0,0.0,-1.0767326507488328,4.038485974143087,4.789545450911525,0.6484835952912709,7.918956475167987e-06,0.3760402284615841,-4.934065311235451e-07,7.918956475167987e-06,0.3760402284615841,-4.934065311235451e-07,-0.0684597703463153,0.0,17.5,500.0,0.8
0.3125000000000001,0.3125000000000001,0.3125000000000001,0.3125000000000001,0.3125000000000001,0.0,0.0,-1.082685001573501,4.066521580372486,4.816022826511394,0.6475480189996778,7.918956475167987e-06,0.37614606179491744,-4.934065311235451e-07,7.918956475167987e-06,0.37614606179491744,-4.934065311235451e-07,-0.06835393701298197,0.0,17.5,500.0,0.8
0.31666666666666676,0.3166666666666667,0.3166666666666667,0.3166666666666667,0.3166666666666667,0.0,0.0,-1.0904814998399257,4.0966247131349975,4.8507033786234,0.6506474735638361,7.918956475167987e-06,0.37625189512825075,-4.934065311235451e-07,7.918956475167987e-06,0.37625189512825075,-4.934065311235451e-07,-0.06824810367964863,0.0,17.5,500.0,0.8
0.3208333333333334,0.32083333333333347,0.32083333333333347,0.32083333333333347,0.32083333333333347,0.0,0.0,-1.0980830952276392,4.127102601583688,4.884516959537448,0.6525082933224535,7.918956475167987e-06,0.3763577284615841,-4.934065311235451e-07,7.918956475167987e-06,0.3763577284615841,-4.934065311235451e-07,-0.0681422703463153,0.0,17.5,500.0,0.8
0.32500000000000007,0.32500000000000007,0.32500000000000007,0.32500000000000007,0.32500000000000007,0.0,0.0,-1.105613989461376,4.157517438937273,4.918016046050154,0.6540143881610321,7.918956475167987e-06,0.3764635617949174,-4.934065311235451e-07,7.918956475167987e-06,0.3764635617949174,-4.934065311235451e-07,-0.06803643701298197,0.0,17.5,500.0,0.8
0.3291666666666667,0.3291666666666667,0.3291666666666667,0.3291666666666667,0.3291666666666667,0.0,0.0,-1.112907549314472,4.187020340831586,4.95045941664085,0.6557143692247742,7.918956475167987e-06,0.3765693951282508,-4.934065311235451e-07,7.918956475167987e-06,0.3765693951282508,-4.934065311235451e-07,-0.06793060367964864,0.0,17.5,500.0,0.8
0.33333333333333337,0.33333333333333337,0.33333333333333337,0.33333333333333337,0.33333333333333337,0.0,0.0,-1.1201012932026886,4.21632606650614,4.982458783699022,0.6570682373823569,7.918956475167987e-06,0.3766752284615841,-4.934065311235451e-07,7.918956475167987e-06,0.3766752284615841,-4.934065311235451e-07,-0.0678247703463153,0.0,17.5,500.0,0.8
0.3375,0.3375,0.3375,0.3375,0.3375,0.0,0.0,-1.1272089826894063,4.245457822291756,5.014075361708358,0.6583085746981645,7.918956475167987e-06,0.37678106179491744,-4.934065311235451e-07,7.918956475167987e-06,0.37678106179491744,-4.934065311235451e-07,-0.06771893701298197,0.0,17.5,500.0,0.8
0.3416666666666667,0.3416666666666667,0.3416666666666667,0.3416666666666667,0.3416666666666667,0.0,0.0,-1.1342393617164261,4.2744728124836655,5.045348045659782,0.6592448244997094,7.918956475167987e-06,0.37688689512825074,-4.934065311235451e-07,7.918956475167987e-06,0.37688689512825074,-4.934065311235451e-07,-0.06761310367964864,0.0,17.5,500.0,0.8
0.3458333333333333,0.3458333333333333,0.3458333333333333,0.3458333333333333,0.3458333333333333,0.0,0.0,-1.1410224040308956,4.302798839684278,5.075520521100193,0.6600124213571337,7.918956475167987e-06,0.3769927284615841,-4.934065311235451e-07,7.918956475167987e-06,0.3769927284615841,-4.934065311235451e-07,-0.0675072703463153,0.0,17.5,500.0,0.8
0.35,0.35,0.35,0.35,0.35,0.0,0.0,-1.1479154649436423,4.330972792401821,5.106182383647541,0.6613357727691974,7.918956475167987e-06,0.3770985617949174,-4.934065311235451e-07,7.918956475167987e-06,0.3770985617949174,-4.934065311235451e-07,-0.06740143701298197,0.0,17.5,500.0,0.8
0.35416666666666663,0.35416666666666663,0.35416666666666663,0.35416666666666663,0.35416666666666663,0.0,0.0,-1.154750760344009,4.359407084913077,5.136587292394103,0.662297587622443,7.918956475167987e-06,0.37720439512825077,-4.934065311235451e-07,7.918956475167987e-06,0.37720439512825077,-4.934065311235451e-07,-0.06729560367964864,0.0,17.5,500.0,0.8
0.3583333333333333,0.3583333333333332,0.3583333333333332,0.3583333333333332,0.3583333333333332,0.0,0.0,-1.157994015019786,4.377406561795864,5.151014007946671,0.6607225505560987,7.918956475167987e-06,0.3773102284615841,-4.934065311235451e-07,7.918956475167987e-06,0.3773102284615841,-4.934065311235451e-07,-0.0671897703463153,0.0,17.5,500.0,0.8
0.36249999999999993,0.3625,0.3625,0.3625,0.3625,0.0,0.0,-1.162132588876332,4.394825733234908,5.169423301631687,0.6606627223134318,7.918956475167987e-06,0.37741606179491743,-4.934065311235451e-07,7.918956475167987e-06,0.37741606179491743,-4.934065311235451e-07,-0.06708393701298196,0.0,17.5,500.0,0.8
0.3666666666666666,0.3666666666666666,0.3666666666666666,0.3666666666666666,0.3666666666666666,0.0,0.0,-1.1711020719771603,4.427823911672354,5.209321550238454,0.6637525859923035,7.918956475167987e-06,0.37752189512825074,-4.934065311235451e-07,7.918956475167987e-06,0.37752189512825074,-4.934065311235451e-07,-0.06697810367964863,0.0,17.5,500.0,0.8
0.37083333333333324,0.37083333333333324,0.37083333333333324,0.37083333333333324,0.37083333333333324,0.0,0.0,-1.1770197780116602,4.453048189801236,5.23564481813384,0.6628018577768164,7.918956475167987e-06,0.3776277284615841,-4.934065311235451e-07,7.918956475167987e-06,0.3776277284615841,-4.934065311235451e-07,-0.0668722703463153,0.0,17.5,500.0,0.8
0.3749999999999999,0.3749999999999999,0.3749999999999999,0.3749999999999999,0.3749999999999999,0.0,0.0,-1.182942665742315,4.4779256114311865,5.261991135362066,0.6629700011478067,7.918956475167987e-06,0.3777335617949174,-4.934065311235451e-07,7.918956475167987e-06,0.3777335617949174,-4.934065311235451e-07,-0.06676643701298196,0.0,17.5,500.0,0.8
0.37916666666666654,0.37916666666666654,0.37916666666666654,0.37916666666666654,0.37916666666666654,0.0,0.0,-1.1859664822991505,4.4954185338219075,5.275441741530747,0.6610997824326733,7.918956475167987e-06,0.37783939512825077,-4.934065311235451e-07,7.918956475167987e-06,0.37783939512825077,-4.934065311235451e-07,-0.06666060367964863,0.0,17.5,500.0,0.8
0.3833333333333332,0.3833333333333332,0.3833333333333332,0.3833333333333332,0.3833333333333332,0.0,0.0,-1.1917461302500245,4.520218476471519,5.301150896474387,0.6617685130970625,7.918956475167987e-06,0.37794522846158407,-4.934065311235451e-07,7.918956475167987e-06,0.37794522846158407,-4.934065311235451e-07,-0.0665547703463153,0.0,17.5,500.0,0.8
0.38749999999999984,0.38749999999999984,0.38749999999999984,0.38749999999999984,0.38749999999999984,0.0,0.0,-1.197464274808958,4.545000908106569,5.326586470700587,0.6613199488264103,7.918956475167987e-06,0.37805106179491743,-4.934065311235451e-07,7.918956475167987e-06,0.37805106179491743,-4.934065311235451e-07,-0.06644893701298196,0.0,17.5,500.0,0.8
0.3916666666666665,0.3916666666666665,0.3916666666666665,0.3916666666666665,0.3916666666666665,0.0,0.0,-1.2029725640662694,4.568719155772364,5.351088562038035,0.6610720748656448,7.918956475167987e-06,0.37815689512825074,-4.934065311235451e-07,7.918956475167987e-06,0.37815689512825074,-4.934065311235451e-07,-0.06634310367964863,0.0,17.5,500.0,0.8
0.39583333333333315,0.39583333333333315,0.39583333333333315,0.39583333333333315,0.39583333333333315,0.0,0.0,-1.2085313197251613,4.592734675301896,5.375815139113837,0.6608464103053758,7.918956475167987e-06,0.3782627284615841,-4.934065311235451e-07,7.918956475167987e-06,0.3782627284615841,-4.934065311235451e-07,-0.0662372703463153,0.0,17.5,500.0,0.8
0.3999999999999998,0.39999999999999974,0.39999999999999974,0.39999999999999974,0.39999999999999974,0.0,0.0,-1.2140773579933946,4.61677968010197,5.400485146417623,0.660620127373676,7.918956475167987e-06,0.3783685617949174,-4.934065311235451e-07,7.918956475167987e-06,0.3783685617949174,-4.934065311235451e-07,-0.06613143701298196,0.0,17.5,500.0,0.8
0.40416666666666645,0.4041666666666665,0.4041666666666665,0.4041666666666665,0.4041666666666665,0.0,0.0,-1.219575832390594,4.64075365645595,5.4249435790821705,0.6602930222363576,7.918956475167987e-06,0.37847439512825076,-4.934065311235451e-07,7.918956475167987e-06,0.37847439512825076,-4.934065311235451e-07,-0.06602560367964863,0.0,17.5,500.0,0.8
0.4083333333333331,0.4083333333333331,0.4083333333333331,0.4083333333333331,0.4083333333333331,0.0,0.0,-1.225138806516711,4.665151755360811,5.449688920835067,0.6596650192699763,7.918956475167987e-06,0.37858022846158407,-4.934065311235451e-07,7.918956475167987e-06,0.37858022846158407,-4.934065311235451e-07,-0.0659197703463153,0.0,17.5,500.0,0.8
0.41249999999999976,0.41249999999999976,0.41249999999999976,0.41249999999999976,0.41249999999999976,0.0,0.0,-1.2304406806593002,4.688498660569905,5.473272831997493,0.659153504481494,7.918956475167987e-06,0.37868606179491743,-4.934065311235451e-07,7.918956475167987e-06,0.37868606179491743,-4.934065311235451e-07,-0.06581393701298197,0.0,17.5,500.0,0.8
0.4166666666666664,0.4166666666666664,0.4166666666666664,0.4166666666666664,0.4166666666666664,0.0,0.0,-1.2358043247962165,4.7122524523338765,5.497131509783858,0.6585947743832758,7.918956475167987e-06,0.37879189512825073,-4.934065311235451e-07,7.918956475167987e-06,0.37879189512825073,-4.934065311235451e-07,-0.06570810367964863,0.0,17.5,500.0,0.8
0.42083333333333306,0.42083333333333306,0.42083333333333306,0.42083333333333306,0.42083333333333306,0.0,0.0,-1.2411401842842584,4.735933387844781,5.520866595294529,0.65791110101763,7.918956475167987e-06,0.3788977284615841,-4.934065311235451e-07,7.918956475167987e-06,0.3788977284615841,-4.934065311235451e-07,-0.0656022703463153,0.0,17.5,500.0,0.8
0.4249999999999997,0.4249999999999997,0.4249999999999997,0.4249999999999997,0.4249999999999997,0.0,0.0,-1.2464050263012514,4.759427698600763,5.544285779355419,0.6571708499489631,7.918956475167987e-06,0.3790035617949174,-4.934065311235451e-07,7.918956475167987e-06,0.3790035617949174,-4.934065311235451e-07,-0.06549643701298197,0.0,17.5,500.0,0.8
0.42916666666666636,0.42916666666666636,0.42916666666666636,0.42916666666666636,0.42916666666666636,0.0,0.0,-1.251597736039411,4.782725314285241,5.567384103054444,0.6563248515837252,7.918956475167987e-06,0.37910939512825076,-4.934065311235451e-07,7.918956475167987e-06,0.37910939512825076,-4.934065311235451e-07,-0.06539060367964863,0.0,17.5,500.0,0.8
0.433333333333333,0.433333333333333,0.433333333333333,0.433333333333333,0.433333333333333,0.0,0.0,-1.2587585236706174,4.819116396338568,5.5992368733778255,0.6712237600848149,7.918956475167987e-06,0.37921522846158406,-4.934065311235451e-07,7.918956475167987e-06,0.37921522846158406,-4.934065311235451e-07,-0.0652847703463153,0.0,17.5,500.0,0.8
0.43749999999999967,0.43749999999999967,0.43749999999999967,0.43749999999999967,0.43749999999999967,0.0,0.0,-1.2549511696330502,4.7927649504437,5.582300918850992,0.6803944476104403,7.918956475167987e-06,0.3793210617949174,-4.934065311235451e-07,7.918956475167987e-06,0.3793210617949174,-4.934065311235451e-07,-0.06517893701298197,0.0,17.5,500.0,0.8
0.4416666666666663,0.44166666666666626,0.44166666666666626,0.44166666666666626,0.44166666666666626,0.0,0.0,-1.280924363705621,4.912689551149327,5.697835442141807,0.6739100340921493,7.918956475167987e-06,0.37942689512825073,-4.934065311235451e-07,7.918956475167987e-06,0.37942689512825073,-4.934065311235451e-07,-0.06507310367964864,0.0,17.5,500.0,0.8
0.44583333333333297,0.445833333333333,0.445833333333333,0.445833333333333,0.445833333333333,0.0,0.0,-1.2848254919217472,4.930258596609814,5.715188524996661,0.6734071420747533,7.918956475167987e-06,0.3795327284615841,-4.934065311235451e-07,7.918956475167987e-06,0.3795327284615841,-4.934065311235451e-07,-0.0649672703463153,0.0,17.5,500.0,0.8
0.4499999999999996,0.4499999999999996,0.4499999999999996,0.4499999999999996,0.4499999999999996,0.0,0.0,-1.2875555034115487,4.942793418483933,5.727332221115489,0.6715981891906863,7.918956475167987e-06,0.3796385617949174,-4.934065311235451e-07,7.918956475167987e-06,0.3796385617949174,-4.934065311235451e-07,-0.06486143701298197,0.0,17.5,500.0,0.8
0.4541666666666663,0.4541666666666663,0.4541666666666663,0.4541666666666663,0.4541666666666663,0.0,0.0,-1.2928090435877524,4.96643464325667,5.750701132083888,0.6706129233710633,7.918956475167987e-06,0.37974439512825076,-4.934065311235451e-07,7.918956475167987e-06,0.37974439512825076,-4.934065311235451e-07,-0.06475560367964864,0.0,17.5,500.0,0.8
0.4583333333333329,0.4583333333333329,0.4583333333333329,0.4583333333333329,0.4583333333333329,0.0,0.0,-1.2970088883003976,4.985938330065444,5.76938297211539,0.6691025490933762,7.918956475167987e-06,0.37985022846158406,-4.934065311235451e-07,7.918956475167987e-06,0.37985022846158406,-4.934065311235451e-07,-0.0646497703463153,0.0,17.5,500.0,0.8
0.4624999999999996,0.4624999999999996,0.4624999999999996,0.4624999999999996,0.4624999999999996,0.0,0.0,-1.3015537931389263,5.0073966460889565,5.78959971605741,0.6673068186332725,7.918956475167987e-06,0.3799560617949174,-4.934065311235451e-07,7.918956475167987e-06,0.3799560617949174,-4.934065311235451e-07,-0.06454393701298197,0.0,17.5,500.0,0.8
0.46666666666666623,0.46666666666666623,0.46666666666666623,0.46666666666666623,0.46666666666666623,0.0,0.0,-1.306157240572501,5.029382970960813,5.810076870436126,0.6653906681473419,7.918956475167987e-06,0.3800618951282507,-4.934065311235451e-07,7.918956475167987e-06,0.3800618951282507,-4.934065311235451e-07,-0.06443810367964864,0.0,17.5,500.0,0.8
0.4708333333333329,0.4708333333333329,0.4708333333333329,0.4708333333333329,0.4708333333333329,0.0,0.0,-1.3110495338770496,5.062120662829356,5.831838875261585,0.6668591579961476,7.918956475167987e-06,0.3801677284615841,-4.934065311235451e-07,7.918956475167987e-06,0.3801677284615841,-4.934065311235451e-07,-0.0643322703463153,0.0,17.5,500.0,0.8
0.47499999999999953,0.47499999999999953,0.47499999999999953,0.47499999999999953,0.47499999999999953,0.0,0.0,-1.3123282104281329,5.072916508174801,5.837526711935033,0.6652756489628552,7.918956475167987e-06,0.3802735617949174,-4.934065311235451e-07,7.918956475167987e-06,0.3802735617949174,-4.934065311235451e-07,-0.06422643701298197,0.0,17.5,500.0,0.8
0.4791666666666662,0.4791666666666662,0.4791666666666662,0.4791666666666662,0.4791666666666662,0.0,0.0,-1.3158204417485027,5.091965051347885,5.853060930779772,0.6622747044081574,7.918956475167987e-06,0.38037939512825075,-4.934065311235451e-07,7.918956475167987e-06,0.38037939512825075,-4.934065311235451e-07,-0.06412060367964864,0.0,17.5,500.0,0.8
0.48333333333333284,0.4833333333333328,0.4833333333333328,0.4833333333333328,0.4833333333333328,0.0,0.0,-1.3192697781361364,5.110066153629171,5.868404343457529,0.6612158910373692,7.918956475167987e-06,0.38048522846158406,-4.934065311235451e-07,7.918956475167987e-06,0.38048522846158406,-4.934065311235451e-07,-0.06401477034631531,0.0,17.5,500.0,0.8
0.4874999999999995,0.48749999999999954,0.48749999999999954,0.48749999999999954,0.48749999999999954,0.0,0.0,-1.322752722024343,5.129953062477962,5.883897249745768,0.6581691265196127,7.918956475167987e-06,0.3805910617949174,-4.934065311235451e-07,7.918956475167987e-06,0.3805910617949174,-4.934065311235451e-07,-0.06390893701298198,0.0,17.5,500.0,0.8
0.49166666666666614,0.49166666666666614,0.49166666666666614,0.49166666666666614,0.49166666666666614,0.0,0.0,-1.3267080613966926,5.1521311670768535,5.901491475837522,0.6556958860878033,7.918956475167987e-06,0.3806968951282507,-4.934065311235451e-07,7.918956475167987e-06,0.3806968951282507,-4.934065311235451e-07,-0.06380310367964864,0.0,17.5,500.0,0.8
0.4958333333333328,0.4958333333333328,0.4958333333333328,0.4958333333333328,0.4958333333333328,0.0,0.0,-1.3292346645613047,5.169269846827433,5.912730366647521,0.6517188083880766,7.918956475167987e-06,0.3808027284615841,-4.934065311235451e-07,7.918956475167987e-06,0.3808027284615841,-4.934065311235451e-07,-0.06369727034631531,0.0,17.5,500.0,0.8
0.49999999999999944,0.49999999999999944,0.49999999999999944,0.49999999999999944,0.49999999999999944,0.0,0.0,-1.3351480759610919,5.203158107950618,5.939034531055948,0.6496391441765232,7.918956475167987e-06,0.3809085617949174,-4.934065311235451e-07,7.918956475167987e-06,0.3809085617949174,-4.934065311235451e-07,-0.06359143701298198,0.0,17.5,500.0,0.8
0.5041666666666661,0.5041666666666661,0.5041666666666661,0.5041666666666661,0.5041666666666661,0.0,0.0,-1.348112282730374,5.256727998623154,5.996702195831702,0.6553826836086771,7.918956475167987e-06,0.38101439512825075,-4.934065311235451e-07,7.918956475167987e-06,0.38101439512825075,-4.934065311235451e-07,-0.06348560367964864,0.0,17.5,500.0,0.8
0.5083333333333327,0.5083333333333327,0.5083333333333327,0.5083333333333327,0.5083333333333327,0.0,0.0,-1.3427097700436033,5.281423873415625,5.972670622121719,0.6322199467474157,7.918956475167987e-06,0.38112022846158405,-4.934065311235451e-07,7.918956475167987e-06,0.38112022846158405,-4.934065311235451e-07,-0.06337977034631531,0.0,17.5,500.0,0.8
0.5124999999999994,0.5124999999999994,0.5124999999999994,0.5124999999999994,0.5124999999999994,0.0,0.0,-1.3480642286847395,5.275548106086332,5.99648844078721,0.6430465368198959,7.918956475167987e-06,0.3812260617949174,-4.934065311235451e-07,7.918956475167987e-06,0.3812260617949174,-4.934065311235451e-07,-0.06327393701298198,0.0,17.5,500.0,0.8
0.516666666666666,0.516666666666666,0.516666666666666,0.516666666666666,0.516666666666666,0.0,0.0,-1.3399717516710308,5.251399965391923,5.960491309613878,0.6374094011699248,7.918956475167987e-06,0.3813318951282507,-4.934065311235451e-07,7.918956475167987e-06,0.3813318951282507,-4.934065311235451e-07,-0.06316810367964865,0.0,17.5,500.0,0.8
0.5208333333333327,0.5208333333333327,0.5208333333333327,0.5208333333333327,0.5208333333333327,0.0,0.0,-1.3425985222217285,5.269024760882791,5.9721757671558064,0.6356595297672161,7.918956475167987e-06,0.3814377284615841,-4.934065311235451e-07,7.918956475167987e-06,0.3814377284615841,-4.934065311235451e-07,-0.06306227034631531,0.0,17.5,500.0,0.8
0.5249999999999994,0.5249999999999994,0.5249999999999994,0.5249999999999994,0.5249999999999994,0.0,0.0,-1.3440351267155732,5.288199874188377,5.978566102317899,0.6298690440718033,7.918956475167987e-06,0.3815435617949174,-4.934065311235451e-07,7.918956475167987e-06,0.3815435617949174,-4.934065311235451e-07,-0.06295643701298198,0.0,17.5,500.0,0.8
0.529166666666666,0.529166666666666,0.529166666666666,0.529166666666666,0.529166666666666,0.0,0.0,-1.3453971458722256,5.309448877829433,5.9846246653709105,0.6219130437693761,7.918956475167987e-06,0.38164939512825075,-4.934065311235451e-07,7.918956475167987e-06,0.38164939512825075,-4.934065311235451e-07,-0.06285060367964865,0.0,17.5,500.0,0.8
0.5333333333333327,0.5333333333333327,0.5333333333333327,0.5333333333333327,0.5333333333333327,0.0,0.0,-1.3471944764826744,5.336113652960457,5.992619590242069,0.6109621958707726,7.918956475167987e-06,0.38175522846158405,-4.934065311235451e-07,7.918956475167987e-06,0.38175522846158405,-4.934065311235451e-07,-0.06274477034631532,0.0,17.5,500.0,0.8
0.5374999999999993,0.5374999999999993,0.5374999999999993,0.5374999999999993,0.5374999999999993,0.0,0.0,-1.3446859335306423,5.345909071352754,5.981461035260044,0.5978596076774257,7.918956475167987e-06,0.3818610617949174,-4.934065311235451e-07,7.918956475167987e-06,0.3818610617949174,-4.934065311235451e-07,-0.06263893701298198,0.0,17.5,500.0,0.8
0.541666666666666,0.541666666666666,0.541666666666666,0.541666666666666,0.541666666666666,0.0,0.0,-1.342073733680133,5.360178014146868,5.969841391421643,0.5817823581372847,7.918956475167987e-06,0.3819668951282507,-4.934065311235451e-07,7.918956475167987e-06,0.3819668951282507,-4.934065311235451e-07,-0.06253310367964865,0.0,17.5,500.0,0.8
0.5458333333333326,0.5458333333333326,0.5458333333333326,0.5458333333333326,0.5458333333333326,0.0,0.0,-1.341486917566498,5.384423440805561,5.967231103300793,0.5651117131930417,7.918956475167987e-06,0.3820727284615841,-4.934065311235451e-07,7.918956475167987e-06,0.3820727284615841,-4.934065311235451e-07,-0.06242727034631532,0.0,17.5,500.0,0.8
0.5499999999999993,0.5499999999999993,0.5499999999999993,0.5499999999999993,0.5499999999999993,0.0,0.0,-1.3411964682295108,5.411718283941667,5.9659391202818695,0.5476173398065627,7.918956475167987e-06,0.3821785617949174,-4.934065311235451e-07,7.918956475167987e-06,0.3821785617949174,-4.934065311235451e-07,-0.062321437012981984,0.0,17.5,500.0,0.8
0.5541666666666659,0.5541666666666659,0.5541666666666659,0.5541666666666659,0.5541666666666659,0.0,0.0,-1.3410162487202937,5.4414092705848764,5.965137463965479,0.5285517231817553,7.918956475167987e-06,0.38228439512825074,-4.934065311235451e-07,7.918956475167987e-06,0.38228439512825074,-4.934065311235451e-07,-0.06221560367964865,0.0,17.5,500.0,0.8
0.5583333333333326,0.5583333333333326,0.5583333333333326,0.5583333333333326,0.5583333333333326,0.0,0.0,-1.3407892338872427,5.472824074930198,5.964127651678118,0.5083534505130679,7.918956475167987e-06,0.38239022846158405,-4.934065311235451e-07,7.918956475167987e-06,0.38239022846158405,-4.934065311235451e-07,-0.06210977034631532,0.0,17.5,500.0,0.8
0.5624999999999992,0.5624999999999992,0.5624999999999992,0.5624999999999992,0.5624999999999992,0.0,0.0,-1.3413422455148958,5.510074821368229,5.966587569953732,0.4871256408508432,7.918956475167987e-06,0.3824960617949174,-4.934065311235451e-07,7.918956475167987e-06,0.3824960617949174,-4.934065311235451e-07,-0.062003937012981986,0.0,17.5,500.0,0.8
0.5666666666666659,0.5666666666666659,0.5666666666666659,0.5666666666666659,0.5666666666666659,0.0,0.0,-1.3381599827332704,5.535028011959686,5.952432159863085,0.46093094015536296,7.918956475167987e-06,0.3826018951282507,-4.934065311235451e-07,7.918956475167987e-06,0.3826018951282507,-4.934065311235451e-07,-0.06189810367964865,0.0,17.5,500.0,0.8
0.5708333333333325,0.5708333333333325,0.5708333333333325,0.5708333333333325,0.5708333333333325,0.0,0.0,-1.3381630494447116,5.57461423486201,5.952445801275206,0.43590654517064975,7.918956475167987e-06,0.3827077284615841,-4.934065311235451e-07,7.918956475167987e-06,0.3827077284615841,-4.934065311235451e-07,-0.06179227034631532,0.0,17.5,500.0,0.8
0.5749999999999992,0.5749999999999992,0.5749999999999992,0.5749999999999992,0.5749999999999992,0.0,0.0,-1.3376664322450844,5.615814229434821,5.9502367379133165,0.4074814074991756,7.918956475167987e-06,0.3828135617949174,-4.934065311235451e-07,7.918956475167987e-06,0.3828135617949174,-4.934065311235451e-07,-0.06168643701298199,0.0,17.5,500.0,0.8
0.5791666666666658,0.5791666666666658,0.5791666666666658,0.5791666666666658,0.5791666666666658,0.0,0.0,-1.3371825090366987,5.660420170100667,5.948084140237652,0.3735394742075875,7.918956475167987e-06,0.38291939512825074,-4.934065311235451e-07,7.918956475167987e-06,0.38291939512825074,-4.934065311235451e-07,-0.061580603679648654,0.0,17.5,500.0,0.8
0.5833333333333325,0.5833333333333325,0.5833333333333325,0.5833333333333325,0.5833333333333325,0.0,0.0,-1.3398100880712545,5.709847519132016,5.9597721940949535,0.3267981770117921,7.918956475167987e-06,0.38302522846158404,-4.934065311235451e-07,7.918956475167987e-06,0.38302522846158404,-4.934065311235451e-07,-0.06147477034631532,0.0,17.5,500.0,0.8
0.5874999999999991,0.5874999999999991,0.5874999999999991,0.5874999999999991,0.5874999999999991,0.0,0.0,-1.343023709868912,5.724018432179696,5.974067096038548,0.3365888994929523,7.918956475167987e-06,0.3831310617949174,-4.934065311235451e-07,7.918956475167987e-06,0.3831310617949174,-4.934065311235451e-07,-0.06136893701298199,0.0,17.5,500.0,0.8
0.5916666666666658,0.5916666666666658,0.5916666666666658,0.5916666666666658,0.5916666666666658,0.0,0.0,-1.3454579429926574,5.734467520523814,5.984895104436161,0.33863016581741456,7.918956475167987e-06,0.3832368951282507,-4.934065311235451e-07,7.918956475167987e-06,0.3832368951282507,-4.934065311235451e-07,-0.061263103679648656,0.0,17.5,500.0,0.8
0.5958333333333324,0.5958333333333324,0.5958333333333324,0.5958333333333324,0.5958333333333324,0.0,0.0,-1.3382474527116295,5.705077933765891,5.952821245711508,0.36118293942871205,7.918956475167987e-06,0.38334272846158407,-4.934065311235451e-07,7.918956475167987e-06,0.38334272846158407,-4.934065311235451e-07,-0.06115727034631532,0.0,17.5,500.0,0.8
0.5999999999999991,0.5999999999999991,0.5999999999999991,0.5999999999999991,0.5999999999999991,0.0,0.0,-1.3446103371389453,5.734194466387208,5.981124765756462,0.3961511372436614,7.918956475167987e-06,0.3834485617949174,-4.934065311235451e-07,7.918956475167987e-06,0.3834485617949174,-4.934065311235451e-07,-0.06105143701298199,0.0,17.5,500.0,0.8
0.6041666666666657,0.6041666666666657,0.6041666666666657,0.6041666666666657,0.6041666666666657,0.0,0.0,-1.3576368930408986,5.789136661912848,6.039069773291856,0.3901499911231669,7.918956475167987e-06,0.38355439512825074,-4.934065311235451e-07,7.918956475167987e-06,0.38355439512825074,-4.934065311235451e-07,-0.06094560367964866,0.0,17.5,500.0,0.8
0.6083333333333324,0.6083333333333324,0.6083333333333324,0.6083333333333324,0.6083333333333324,0.0,0.0,-1.3706334035563263,5.8439331094747,6.096881132289467,0.38360321579336576,7.918956475167987e-06,0.38366022846158404,-4.934065311235451e-07,7.918956475167987e-06,0.38366022846158404,-4.934065311235451e-07,-0.060839770346315325,0.0,17.5,500.0,0.8
0.612499999999999,0.612499999999999,0.612499999999999,0.612499999999999,0.612499999999999,0.0,0.0,-1.3834692053727389,5.897985959057816,6.15397762337836,0.37572561270692056,7.918956475167987e-06,0.3837660617949174,-4.934065311235451e-07,7.918956475167987e-06,0.3837660617949174,-4.934065311235451e-07,-0.06073393701298199,0.0,17.5,500.0,0.8
0.6166666666666657,0.6166666666666657,0.6166666666666657,0.6166666666666657,0.6166666666666657,0.0,0.0,-1.3939210516101816,5.942132776906335,6.200469751731072,0.3714272884989558,7.918956475167987e-06,0.3838718951282507,-4.934065311235451e-07,7.918956475167987e-06,0.3838718951282507,-4.934065311235451e-07,-0.06062810367964866,0.0,17.5,500.0,0.8
0.6208333333333323,0.6208333333333323,0.6208333333333323,0.6208333333333323,0.6208333333333323,0.0,0.0,-1.403476665857306,5.982567666465023,6.242975241572167,0.3687101770292171,7.918956475167987e-06,0.38397772846158407,-4.934065311235451e-07,7.918956475167987e-06,0.38397772846158407,-4.934065311235451e-07,-0.06052227034631533,0.0,17.5,500.0,0.8
0.624999999999999,0.6249999999999989,0.6249999999999989,0.6249999999999989,0.6249999999999989,0.0,0.0,-1.4125546218289622,6.0209409873495146,6.283356001547619,0.3653393898628443,7.918956475167987e-06,0.38408356179491737,-4.934065311235451e-07,7.918956475167987e-06,0.38408356179491737,-4.934065311235451e-07,-0.060416437012981994,0.0,17.5,500.0,0.8
0.6291666666666657,0.6291666666666655,0.6291666666666655,0.6291666666666655,0.6291666666666655,0.0,0.0,-1.420914917725776,6.056296361591448,6.320544450465753,0.3624672000626204,7.918956475167987e-06,0.38418939512825073,-4.934065311235451e-07,7.918956475167987e-06,0.38418939512825073,-4.934065311235451e-07,-0.06031060367964866,0.0,17.5,500.0,0.8
0.6333333333333323,0.6333333333333324,0.6333333333333324,0.6333333333333324,0.6333333333333324,0.0,0.0,-1.4247716447340644,6.072528281132066,6.337700026908157,0.3597261951084196,7.918956475167987e-06,0.38429522846158404,-4.934065311235451e-07,7.918956475167987e-06,0.38429522846158404,-4.934065311235451e-07,-0.06020477034631533,0.0,17.5,500.0,0.8
0.637499999999999,0.6374999999999991,0.6374999999999991,0.6374999999999991,0.6374999999999991,0.0,0.0,-1.4261677933069166,6.078410296553551,6.3439104051680255,0.3589069315385534,7.918956475167987e-06,0.3844010617949174,-4.934065311235451e-07,7.918956475167987e-06,0.3844010617949174,-4.934065311235451e-07,-0.060098937012981996,0.0,17.5,500.0,0.8
0.6416666666666656,0.6416666666666656,0.6416666666666656,0.6416666666666656,0.6416666666666656,0.0,0.0,-1.8201245505580774,7.756856303702203,8.096317368248316,0.4476377262144638,7.918956475167987e-06,0.3845068951282507,-4.934065311235451e-07,7.918956475167987e-06,0.3845068951282507,-4.934065311235451e-07,-0.05999310367964866,0.0,17.5,500.0,0.8
0.6458333333333323,0.6458333333333323,0.6458333333333323,0.6458333333333323,0.6458333333333323,0.0,0.0,-1.4157393272511463,6.031065705077934,6.297522277044798,0.29001311796910156,7.918956475167987e-06,0.38461272846158406,-4.934065311235451e-07,7.918956475167987e-06,0.38461272846158406,-4.934065311235451e-07,-0.05988727034631533,0.0,17.5,500.0,0.8
0.6499999999999989,0.6499999999999989,0.6499999999999989,0.6499999999999989,0.6499999999999989,0.0,0.0,-1.3851951731255678,5.901184267104297,6.161655110443727,0.28799939884255304,7.918956475167987e-06,0.38471856179491737,-4.934065311235451e-07,7.918956475167987e-06,0.38471856179491737,-4.934065311235451e-07,-0.059781437012982,0.0,17.5,500.0,0.8
0.6541666666666656,0.6541666666666656,0.6541666666666656,0.6541666666666656,0.6541666666666656,0.0,0.0,-1.379192944544742,5.875725884262674,6.134955867530797,0.28836488634728047,7.918956475167987e-06,0.38482439512825073,-4.934065311235451e-07,7.918956475167987e-06,0.38482439512825073,-4.934065311235451e-07,-0.059675603679648664,0.0,17.5,500.0,0.8
0.6583333333333322,0.6583333333333322,0.6583333333333322,0.6583333333333322,0.6583333333333322,0.0,0.0,-1.3774109355306068,5.868353497478727,6.127029096515542,0.2866023458767401,7.918956475167987e-06,0.38493022846158403,-4.934065311235451e-07,7.918956475167987e-06,0.38493022846158403,-4.934065311235451e-07,-0.05956977034631533,0.0,17.5,500.0,0.8
0.6624999999999989,0.6624999999999989,0.6624999999999989,0.6624999999999989,0.6624999999999989,0.0,0.0,-1.4353674022017897,6.069098658283629,6.384832304306091,0.3016918124309666,7.918956475167987e-06,0.3850360617949174,-4.934065311235451e-07,7.918956475167987e-06,0.3850360617949174,-4.934065311235451e-07,-0.059463937012982,0.0,17.5,500.0,0.8
0.6666666666666655,0.6666666666666655,0.6666666666666655,0.6666666666666655,0.6666666666666655,0.0,0.0,-1.5572969418741216,6.514050488932937,6.927201918214621,0.3350327770189809,7.918956475167987e-06,0.3851418951282507,-4.934065311235451e-07,7.918956475167987e-06,0.3851418951282507,-4.934065311235451e-07,-0.059358103679648666,0.0,17.5,500.0,0.8
0.6708333333333322,0.6708333333333322,0.6708333333333322,0.6708333333333322,0.6708333333333322,0.0,0.0,-1.3620331890308193,5.628094162227955,6.058625472141278,0.290084786281921,7.918956475167987e-06,0.38524772846158406,-4.934065311235451e-07,7.918956475167987e-06,0.38524772846158406,-4.934065311235451e-07,-0.05925227034631533,0.0,17.5,500.0,0.8
0.6749999999999988,0.6749999999999988,0.6749999999999988,0.6749999999999988,0.6749999999999988,0.0,0.0,-1.437805515168147,5.868182929283608,6.395677571103474,0.3209712259091583,7.918956475167987e-06,0.38535356179491737,-4.934065311235451e-07,7.918956475167987e-06,0.38535356179491737,-4.934065311235451e-07,-0.059146437012982,0.0,17.5,500.0,0.8
0.6791666666666655,0.6791666666666655,0.6791666666666655,0.6791666666666655,0.6791666666666655,0.0,0.0,-1.7488927937587275,7.064635907916099,7.779462727960877,0.39648133743749425,7.918956475167987e-06,0.3854593951282507,-4.934065311235451e-07,7.918956475167987e-06,0.3854593951282507,-4.934065311235451e-07,-0.05904060367964867,0.0,17.5,500.0,0.8
0.6833333333333321,0.6833333333333321,0.6833333333333321,0.6833333333333321,0.6833333333333321,0.0,0.0,-1.7978151630157266,7.224169100474662,7.997080268359336,0.4027144640649443,7.918956475167987e-06,0.38556522846158403,-4.934065311235451e-07,7.918956475167987e-06,0.38556522846158403,-4.934065311235451e-07,-0.058934770346315335,0.0,17.5,500.0,0.8
0.6874999999999988,0.6874999999999988,0.6874999999999988,0.6874999999999988,0.6874999999999988,0.0,0.0,-1.8315172664370052,7.307176943811163,8.146994693277419,0.4263580182068366,7.918956475167987e-06,0.3856710617949174,-4.934065311235451e-07,7.918956475167987e-06,0.3856710617949174,-4.934065311235451e-07,-0.058828937012982,0.0,17.5,500.0,0.8
0.6916666666666654,0.6916666666666654,0.6916666666666654,0.6916666666666654,0.6916666666666654,0.0,0.0,-1.8580200753615599,7.383847475922167,8.26488506080059,0.435353338960838,7.918956475167987e-06,0.3857768951282507,-4.934065311235451e-07,7.918956475167987e-06,0.3857768951282507,-4.934065311235451e-07,-0.05872310367964867,0.0,17.5,500.0,0.8
0.6958333333333321,0.6958333333333321,0.6958333333333321,0.6958333333333321,0.6958333333333321,0.0,0.0,-1.8863738834462396,7.469419431841015,8.391009082797648,0.44649939400530403,7.918956475167987e-06,0.38588272846158406,-4.934065311235451e-07,7.918956475167987e-06,0.38588272846158406,-4.934065311235451e-07,-0.05861727034631534,0.0,17.5,500.0,0.8
0.6999999999999987,0.6999999999999987,0.6999999999999987,0.6999999999999987,0.6999999999999987,0.0,0.0,-1.9148529152688614,7.552445253829277,8.517690127732562,0.45588202567573516,7.918956475167987e-06,0.38598856179491736,-4.934065311235451e-07,7.918956475167987e-06,0.38598856179491736,-4.934065311235451e-07,-0.058511437012982004,0.0,17.5,500.0,0.8
0.7041666666666654,0.7041666666666654,0.7041666666666654,0.7041666666666654,0.7041666666666654,0.0,0.0,-1.9430277442023247,7.631806176360814,8.6430180108005,0.4658841417518561,7.918956475167987e-06,0.3860943951282507,-4.934065311235451e-07,7.918956475167987e-06,0.3860943951282507,-4.934065311235451e-07,-0.05840560367964867,0.0,17.5,500.0,0.8
0.708333333333332,0.7083333333333319,0.7083333333333319,0.7083333333333319,0.7083333333333319,0.0,0.0,-1.970933966377568,7.706633026473777,8.76715107148052,0.47416577276231797,7.918956475167987e-06,0.386200228461584,-4.934065311235451e-07,7.918956475167987e-06,0.386200228461584,-4.934065311235451e-07,-0.05829977034631534,0.0,17.5,500.0,0.8
0.7124999999999987,0.7124999999999986,0.7124999999999986,0.7124999999999986,0.7124999999999986,0.0,0.0,-1.9986897781241506,7.774057997718083,8.89061507324061,0.48285705623416775,7.918956475167987e-06,0.3863060617949174,-4.934065311235451e-07,7.918956475167987e-06,0.3863060617949174,-4.934065311235451e-07,-0.058193937012982005,0.0,17.5,500.0,0.8
0.7166666666666653,0.7166666666666655,0.7166666666666655,0.7166666666666655,0.7166666666666655,0.0,0.0,-2.0217364249738066,7.840592541048496,8.993131665916392,0.4885736140284966,7.918956475167987e-06,0.3864118951282507,-4.934065311235451e-07,7.918956475167987e-06,0.3864118951282507,-4.934065311235451e-07,-0.058088103679648666,0.0,17.5,500.0,0.8
0.720833333333332,0.7208333333333321,0.7208333333333321,0.7208333333333321,0.7208333333333321,0.0,0.0,-2.0445825327402396,7.916542555005009,9.09475621630748,0.49212919316247405,7.918956475167987e-06,0.38651772846158405,-4.934065311235451e-07,7.918956475167987e-06,0.38651772846158405,-4.934065311235451e-07,-0.05798227034631533,0.0,17.5,500.0,0.8
0.7249999999999986,0.7249999999999986,0.7249999999999986,0.7249999999999986,0.7249999999999986,0.0,0.0,-2.0655195991677577,7.979598919719868,9.187888927750391,0.49564495669642256,7.918956475167987e-06,0.38662356179491736,-4.934065311235451e-07,7.918956475167987e-06,0.38662356179491736,-4.934065311235451e-07,-0.057876437012982,0.0,17.5,500.0,0.8
0.7291666666666653,0.7291666666666653,0.7291666666666653,0.7291666666666653,0.7291666666666653,0.0,0.0,-2.086197859795639,8.03874068834167,9.279870413641204,0.497810112996935,7.918956475167987e-06,0.3867293951282507,-4.934065311235451e-07,7.918956475167987e-06,0.3867293951282507,-4.934065311235451e-07,-0.05777060367964867,0.0,17.5,500.0,0.8
0.733333333333332,0.733333333333332,0.733333333333332,0.733333333333332,0.733333333333332,0.0,0.0,-2.106810811077654,8.092667091822012,9.371561389088058,0.5004157261231766,7.918956475167987e-06,0.386835228461584,-4.934065311235451e-07,7.918956475167987e-06,0.386835228461584,-4.934065311235451e-07,-0.057664770346315335,0.0,17.5,500.0,0.8
0.7374999999999986,0.7374999999999986,0.7374999999999986,0.7374999999999986,0.7374999999999986,0.0,0.0,-2.127327363437035,8.143229796070347,9.462823560763562,0.5022240470103747,7.918956475167987e-06,0.3869410617949174,-4.934065311235451e-07,7.918956475167987e-06,0.3869410617949174,-4.934065311235451e-07,-0.057558937012982,0.0,17.5,500.0,0.8
0.7416666666666653,0.7416666666666653,0.7416666666666653,0.7416666666666653,0.7416666666666653,0.0,0.0,-2.147727891956054,8.189187550405032,9.553569632684484,0.5049946525292169,7.918956475167987e-06,0.3870468951282507,-4.934065311235451e-07,7.918956475167987e-06,0.3870468951282507,-4.934065311235451e-07,-0.05745310367964867,0.0,17.5,500.0,0.8
0.7458333333333319,0.7458333333333319,0.7458333333333319,0.7458333333333319,0.7458333333333319,0.0,0.0,-2.167802087938699,8.231821656957472,9.642864105163346,0.5064117572560972,7.918956475167987e-06,0.38715272846158405,-4.934065311235451e-07,7.918956475167987e-06,0.38715272846158405,-4.934065311235451e-07,-0.057347270346315336,0.0,17.5,500.0,0.8
0.7499999999999986,0.7499999999999986,0.7499999999999986,0.7499999999999986,0.7499999999999986,0.0,0.0,-2.1875787961097726,8.270005675933263,9.730835285928501,0.5078116594369945,7.918956475167987e-06,0.38725856179491736,-4.934065311235451e-07,7.918956475167987e-06,0.38725856179491736,-4.934065311235451e-07,-0.057241437012982004,0.0,17.5,500.0,0.8
0.7541666666666652,0.7541666666666652,0.7541666666666652,0.7541666666666652,0.7541666666666652,0.0,0.0,-2.206912184738137,8.303173656799693,9.816834483121314,0.5089305740626474,7.918956475167987e-06,0.3873643951282507,-4.934065311235451e-07,7.918956475167987e-06,0.3873643951282507,-4.934065311235451e-07,-0.05713560367964867,0.0,17.5,500.0,0.8
0.7583333333333319,0.7583333333333319,0.7583333333333319,0.7583333333333319,0.7583333333333319,0.0,0.0,-2.2260488704492265,8.331921687422943,9.901958702145718,0.5096954090548843,7.918956475167987e-06,0.387470228461584,-4.934065311235451e-07,7.918956475167987e-06,0.387470228461584,-4.934065311235451e-07,-0.05702977034631534,0.0,17.5,500.0,0.8
0.7624999999999985,0.7624999999999985,0.7624999999999985,0.7624999999999985,0.7624999999999985,0.0,0.0,-2.2446175130501738,8.356060142373481,9.984556139529191,0.5105446464492956,7.918956475167987e-06,0.3875760617949174,-4.934065311235451e-07,7.918956475167987e-06,0.3875760617949174,-4.934065311235451e-07,-0.056923937012982005,0.0,17.5,500.0,0.8
0.7666666666666652,0.7666666666666652,0.7666666666666652,0.7666666666666652,0.7666666666666652,0.0,0.0,-2.2629924205515732,8.376233991061014,10.066291800255225,0.5108775674069452,7.918956475167987e-06,0.3876818951282507,-4.934065311235451e-07,7.918956475167987e-06,0.3876818951282507,-4.934065311235451e-07,-0.05681810367964867,0.0,17.5,500.0,0.8
0.7708333333333318,0.7708333333333318,0.7708333333333318,0.7708333333333318,0.7708333333333318,0.0,0.0,-2.28078787626163,8.391460683933191,10.145449930998009,0.5111696495111835,7.918956475167987e-06,0.38778772846158405,-4.934065311235451e-07,7.918956475167987e-06,0.38778772846158405,-4.934065311235451e-07,-0.05671227034631534,0.0,17.5,500.0,0.8
0.7749999999999985,0.7749999999999985,0.7749999999999985,0.7749999999999985,0.7749999999999985,0.0,0.0,-2.2986203694140492,8.40368202767729,10.224772812492482,0.5104396718554058,7.918956475167987e-06,0.38789356179491735,-4.934065311235451e-07,7.918956475167987e-06,0.38789356179491735,-4.934065311235451e-07,-0.05660643701298201,0.0,17.5,500.0,0.8
0.7791666666666651,0.7791666666666651,0.7791666666666651,0.7791666666666651,0.7791666666666651,0.0,0.0,-2.315108756537368,8.408659812184112,10.298116812495115,0.5108681915712717,7.918956475167987e-06,0.3879993951282507,-4.934065311235451e-07,7.918956475167987e-06,0.3879993951282507,-4.934065311235451e-07,-0.056500603679648674,0.0,17.5,500.0,0.8
0.7833333333333318,0.7833333333333318,0.7833333333333318,0.7833333333333318,0.7833333333333318,0.0,0.0,-2.3323885661459194,8.413583921406914,10.374981235103363,0.5085885508759899,7.918956475167987e-06,0.388105228461584,-4.934065311235451e-07,7.918956475167987e-06,0.388105228461584,-4.934065311235451e-07,-0.05639477034631534,0.0,17.5,500.0,0.8
0.7874999999999984,0.7874999999999984,0.7874999999999984,0.7874999999999984,0.7874999999999984,0.0,0.0,-2.3468516924663576,8.4062408810978,10.439316426226096,0.5099094117105788,7.918956475167987e-06,0.3882110617949174,-4.934065311235451e-07,7.918956475167987e-06,0.3882110617949174,-4.934065311235451e-07,-0.05628893701298201,0.0,17.5,500.0,0.8
0.7916666666666651,0.791666666666665,0.791666666666665,0.791666666666665,0.791666666666665,0.0,0.0,-2.3638392808719675,8.405700313126973,10.51488098416298,0.5053251261123028,7.918956475167987e-06,0.3883168951282507,-4.934065311235451e-07,7.918956475167987e-06,0.3883168951282507,-4.934065311235451e-07,-0.056183103679648676,0.0,17.5,500.0,0.8
0.7958333333333317,0.7958333333333316,0.7958333333333316,0.7958333333333316,0.7958333333333316,0.0,0.0,-2.376267623462484,8.386782956216802,10.570165006315909,0.5075600692051777,7.918956475167987e-06,0.38842272846158404,-4.934065311235451e-07,7.918956475167987e-06,0.38842272846158404,-4.934065311235451e-07,-0.05607727034631534,0.0,17.5,500.0,0.8
0.7999999999999984,0.7999999999999985,0.7999999999999985,0.7999999999999985,0.7999999999999985,0.0,0.0,-2.392915882640107,8.379340753288856,10.644220152646175,0.5009300010568429,7.918956475167987e-06,0.38852856179491735,-4.934065311235451e-07,7.918956475167987e-06,0.38852856179491735,-4.934065311235451e-07,-0.055971437012982,0.0,17.5,500.0,0.8
0.804166666666665,0.8041666666666651,0.8041666666666651,0.8041666666666651,0.8041666666666651,0.0,0.0,-2.403991377120483,8.350604640542036,10.693486406593417,0.5026184278467161,7.918956475167987e-06,0.3886343951282507,-4.934065311235451e-07,7.918956475167987e-06,0.3886343951282507,-4.934065311235451e-07,-0.05586560367964867,0.0,17.5,500.0,0.8
0.8083333333333317,0.8083333333333317,0.8083333333333317,0.8083333333333317,0.8083333333333317,0.0,0.0,-2.419927454482338,8.336557956428896,10.764373610376794,0.49612432316672844,7.918956475167987e-06,0.388740228461584,-4.934065311235451e-07,7.918956475167987e-06,0.388740228461584,-4.934065311235451e-07,-0.05575977034631534,0.0,17.5,500.0,0.8
0.8124999999999983,0.8124999999999983,0.8124999999999983,0.8124999999999983,0.8124999999999983,0.0,0.0,-2.4287645604292156,8.29629901128007,10.80368301606599,0.49884804753803136,7.918956475167987e-06,0.3888460617949174,-4.934065311235451e-07,7.918956475167987e-06,0.3888460617949174,-4.934065311235451e-07,-0.055653937012982005,0.0,17.5,500.0,0.8
0.816666666666665,0.816666666666665,0.816666666666665,0.816666666666665,0.816666666666665,0.0,0.0,-2.443076093748876,8.271739267822426,10.867343887925943,0.4905348744875013,7.918956475167987e-06,0.3889518951282507,-4.934065311235451e-07,7.918956475167987e-06,0.3889518951282507,-4.934065311235451e-07,-0.05554810367964867,0.0,17.5,500.0,0.8
0.8208333333333316,0.8208333333333316,0.8208333333333316,0.8208333333333316,0.8208333333333316,0.0,0.0,-2.4519065966661144,8.227249867400115,10.906623921875973,0.49121538225123523,7.918956475167987e-06,0.38905772846158404,-4.934065311235451e-07,7.918956475167987e-06,0.38905772846158404,-4.934065311235451e-07,-0.05544227034631534,0.0,17.5,500.0,0.8
0.8249999999999983,0.8249999999999983,0.8249999999999983,0.8249999999999983,0.8249999999999983,0.0,0.0,-2.4648516259105664,8.199951882942576,10.964206280771249,0.48623472120868133,7.918956475167987e-06,0.38916356179491735,-4.934065311235451e-07,7.918956475167987e-06,0.38916356179491735,-4.934065311235451e-07,-0.05533643701298201,0.0,17.5,500.0,0.8
0.8291666666666649,0.8291666666666649,0.8291666666666649,0.8291666666666649,0.8291666666666649,0.0,0.0,-2.4668713641847813,8.140289728085799,10.973190524219769,0.4820240739486893,7.918956475167987e-06,0.3892693951282507,-4.934065311235451e-07,7.918956475167987e-06,0.3892693951282507,-4.934065311235451e-07,-0.055230603679648674,0.0,17.5,500.0,0.8
0.8333333333333316,0.8333333333333316,0.8333333333333316,0.8333333333333316,0.8333333333333316,0.0,0.0,-2.47648898136692,8.101319982005872,11.015971816856604,0.4752213222262077,7.918956475167987e-06,0.389375228461584,-4.934065311235451e-07,7.918956475167987e-06,0.389375228461584,-4.934065311235451e-07,-0.05512477034631534,0.0,17.5,500.0,0.8
0.8374999999999982,0.8374999999999982,0.8374999999999982,0.8374999999999982,0.8374999999999982,0.0,0.0,-2.482307458663446,8.044843293246863,11.04185369333488,0.4791301596970293,7.918956475167987e-06,0.38948106179491737,-4.934065311235451e-07,7.918956475167987e-06,0.38948106179491737,-4.934065311235451e-07,-0.05501893701298201,0.0,17.5,500.0,0.8
0.8416666666666649,0.8416666666666649,0.8416666666666649,0.8416666666666649,0.8416666666666649,0.0,0.0,-2.4920320739248383,8.003398314470495,11.085110937140643,0.4715828518722936,7.918956475167987e-06,0.3895868951282507,-4.934065311235451e-07,7.918956475167987e-06,0.3895868951282507,-4.934065311235451e-07,-0.054913103679648675,0.0,17.5,500.0,0.8
0.8458333333333315,0.8458333333333315,0.8458333333333315,0.8458333333333315,0.8458333333333315,0.0,0.0,-2.4987106207180307,7.9467255529601175,11.114818593344612,0.4755997529631838,7.918956475167987e-06,0.38969272846158404,-4.934065311235451e-07,7.918956475167987e-06,0.38969272846158404,-4.934065311235451e-07,-0.05480727034631534,0.0,17.5,500.0,0.8
0.8499999999999982,0.8499999999999982,0.8499999999999982,0.8499999999999982,0.8499999999999982,0.0,0.0,-2.5069512082763423,7.8959605722689385,11.151474553043892,0.4766268437038166,7.918956475167987e-06,0.38979856179491734,-4.934065311235451e-07,7.918956475167987e-06,0.38979856179491734,-4.934065311235451e-07,-0.05470143701298201,0.0,17.5,500.0,0.8
0.8541666666666649,0.8541666666666649,0.8541666666666649,0.8541666666666649,0.8541666666666649,0.0,0.0,-2.4920173538969705,7.531301876102457,11.085045459194504,0.4532631924484878,7.918956475167987e-06,0.3899043951282507,-4.934065311235451e-07,7.918956475167987e-06,0.3899043951282507,-4.934065311235451e-07,-0.05459560367964868,0.0,17.5,500.0,0.8
0.8583333333333315,0.8583333333333315,0.8583333333333315,0.8583333333333315,0.8583333333333315,0.0,0.0,-2.502081208046826,7.850769411892937,11.129811712756663,0.45212840772363877,7.918956475167987e-06,0.390010228461584,-4.934065311235451e-07,7.918956475167987e-06,0.390010228461584,-4.934065311235451e-07,-0.054489770346315344,0.0,17.5,500.0,0.8
0.8624999999999982,0.8624999999999982,0.8624999999999982,0.8624999999999982,0.8624999999999982,0.0,0.0,-2.516249587540239,7.866824952847211,11.192835804672393,0.45194207022545374,7.918956475167987e-06,0.39011606179491737,-4.934065311235451e-07,7.918956475167987e-06,0.39011606179491737,-4.934065311235451e-07,-0.05438393701298201,0.0,17.5,500.0,0.8
0.8666666666666648,0.8666666666666648,0.8666666666666648,0.8666666666666648,0.8666666666666648,0.0,0.0,-2.50289606846156,7.46208624874135,11.133436392466898,0.42012666548001354,7.918956475167987e-06,0.3902218951282507,-4.934065311235451e-07,7.918956475167987e-06,0.3902218951282507,-4.934065311235451e-07,-0.05427810367964868,0.0,17.5,500.0,0.8
0.8708333333333315,0.8708333333333315,0.8708333333333315,0.8708333333333315,0.8708333333333315,0.0,0.0,-2.475473791665362,7.310843304222,11.011456028082552,0.4032015070255055,7.918956475167987e-06,0.39032772846158403,-4.934065311235451e-07,7.918956475167987e-06,0.39032772846158403,-4.934065311235451e-07,-0.054172270346315346,0.0,17.5,500.0,0.8
0.8749999999999981,0.874999999999998,0.874999999999998,0.874999999999998,0.874999999999998,0.0,0.0,-2.4588478455174787,7.225300573043686,10.937500135053474,0.39030913810749507,7.918956475167987e-06,0.39043356179491734,-4.934065311235451e-07,7.918956475167987e-06,0.39043356179491734,-4.934065311235451e-07,-0.05406643701298201,0.0,17.5,500.0,0.8
0.8791666666666648,0.8791666666666647,0.8791666666666647,0.8791666666666647,0.8791666666666647,0.0,0.0,-2.4334225019771263,7.103672648478806,10.824402572342,0.374020646182804,7.918956475167987e-06,0.3905393951282507,-4.934065311235451e-07,7.918956475167987e-06,0.3905393951282507,-4.934065311235451e-07,-0.05396060367964868,0.0,17.5,500.0,0.8
0.8833333333333314,0.8833333333333315,0.8833333333333315,0.8833333333333315,0.8833333333333315,0.0,0.0,-2.417448601641472,7.0223612264499655,10.753347123589018,0.3502940541491595,7.918956475167987e-06,0.390645228461584,-4.934065311235451e-07,7.918956475167987e-06,0.390645228461584,-4.934065311235451e-07,-0.05385477034631535,0.0,17.5,500.0,0.8
0.8874999999999981,0.8874999999999982,0.8874999999999982,0.8874999999999982,0.8874999999999982,0.0,0.0,-2.406989064370155,6.990738336589917,10.706820783813182,0.3369491166494706,7.918956475167987e-06,0.39075106179491736,-4.934065311235451e-07,7.918956475167987e-06,0.39075106179491736,-4.934065311235451e-07,-0.053748937012982015,0.0,17.5,500.0,0.8
0.8916666666666647,0.8916666666666647,0.8916666666666647,0.8916666666666647,0.8916666666666647,0.0,0.0,-2.389285933401604,6.950697965556196,10.628073333981188,0.31357151699883923,7.918956475167987e-06,0.3908568951282507,-4.934065311235451e-07,7.918956475167987e-06,0.3908568951282507,-4.934065311235451e-07,-0.05364310367964868,0.0,17.5,500.0,0.8
0.8958333333333314,0.8958333333333314,0.8958333333333314,0.8958333333333314,0.8958333333333314,0.0,0.0,-2.442729606770577,7.20056716184468,10.865802637059668,0.33754592929575344,7.918956475167987e-06,0.39096272846158403,-4.934065311235451e-07,7.918956475167987e-06,0.39096272846158403,-4.934065311235451e-07,-0.05353727034631535,0.0,17.5,500.0,0.8
0.899999999999998,0.899999999999998,0.899999999999998,0.899999999999998,0.899999999999998,0.0,0.0,-2.4070499254199396,7.0581738204828826,10.707091507250361,0.3049511281861719,7.918956475167987e-06,0.39106856179491734,-4.934065311235451e-07,7.918956475167987e-06,0.39106856179491734,-4.934065311235451e-07,-0.05343143701298202,0.0,17.5,500.0,0.8
0.9041666666666647,0.9041666666666647,0.9041666666666647,0.9041666666666647,0.9041666666666647,0.0,0.0,-2.389805563653573,7.000974273065969,10.630384764499937,0.2841829353616213,7.918956475167987e-06,0.3911743951282507,-4.934065311235451e-07,7.918956475167987e-06,0.3911743951282507,-4.934065311235451e-07,-0.053325603679648684,0.0,17.5,500.0,0.8
0.9083333333333313,0.9083333333333313,0.9083333333333313,0.9083333333333313,0.9083333333333313,0.0,0.0,-2.3708100277787723,6.944949023355235,10.545888411228301,0.2661203480774778,7.918956475167987e-06,0.39128022846158406,-4.934065311235451e-07,7.918956475167987e-06,0.39128022846158406,-4.934065311235451e-07,-0.05321977034631535,0.0,17.5,500.0,0.8
0.912499999999998,0.912499999999998,0.912499999999998,0.912499999999998,0.912499999999998,0.0,0.0,-2.3493632298940743,6.888350614729317,10.450488301299586,0.24526519384911766,7.918956475167987e-06,0.39138606179491736,-4.934065311235451e-07,7.918956475167987e-06,0.39138606179491736,-4.934065311235451e-07,-0.05311393701298202,0.0,17.5,500.0,0.8
0.9166666666666646,0.9166666666666646,0.9166666666666646,0.9166666666666646,0.9166666666666646,0.0,0.0,-2.3175676933895044,6.789924436211779,10.309054708551336,0.2279897805803383,7.918956475167987e-06,0.39149189512825067,-4.934065311235451e-07,7.918956475167987e-06,0.39149189512825067,-4.934065311235451e-07,-0.053008103679648685,0.0,17.5,500.0,0.8
0.9208333333333313,0.9208333333333313,0.9208333333333313,0.9208333333333313,0.9208333333333313,0.0,0.0,-2.30835972650688,6.817882875063326,10.268095631231496,0.20592431538269246,7.918956475167987e-06,0.391597728461584,-4.934065311235451e-07,7.918956475167987e-06,0.391597728461584,-4.934065311235451e-07,-0.05290227034631535,0.0,17.5,500.0,0.8
0.9249999999999979,0.9249999999999979,0.9249999999999979,0.9249999999999979,0.9249999999999979,0.0,0.0,-2.301137732430324,7.6048693511585554,10.23597060107492,0.20928933255440801,7.918956475167987e-06,0.3917035617949174,-4.934065311235451e-07,7.918956475167987e-06,0.3917035617949174,-4.934065311235451e-07,-0.05279643701298202,0.0,17.5,500.0,0.8
0.9291666666666646,0.9291666666666646,0.9291666666666646,0.9291666666666646,0.9291666666666646,0.0,0.0,-1.965256096149822,7.070067816062739,8.741894646404848,0.23751477004358437,7.918956475167987e-06,0.3918093951282507,-4.934065311235451e-07,7.918956475167987e-06,0.3918093951282507,-4.934065311235451e-07,-0.05269060367964869,0.0,17.5,500.0,0.8
0.9333333333333312,0.9333333333333312,0.9333333333333312,0.9333333333333312,0.9333333333333312,0.0,0.0,-1.7831227516739503,6.964050108740889,7.931725166648632,0.24730255708690188,7.918956475167987e-06,0.391915228461584,-4.934065311235451e-07,7.918956475167987e-06,0.391915228461584,-4.934065311235451e-07,-0.052584770346315354,0.0,17.5,500.0,0.8
0.9374999999999979,0.9374999999999979,0.9374999999999979,0.9374999999999979,0.9374999999999979,0.0,0.0,-1.5580471160551224,6.926654328759664,6.9305388592217545,0.25579600970543753,7.918956475167987e-06,0.39202106179491736,-4.934065311235451e-07,7.918956475167987e-06,0.39202106179491736,-4.934065311235451e-07,-0.05247893701298202,0.0,17.5,500.0,0.8
0.9416666666666645,0.9416666666666645,0.9416666666666645,0.9416666666666645,0.9416666666666645,0.0,0.0,-1.5655371303261778,6.973823246294619,6.963856102600831,0.25920438155910525,7.918956475167987e-06,0.3921268951282507,-4.934065311235451e-07,7.918956475167987e-06,0.3921268951282507,-4.934065311235451e-07,-0.05237310367964869,0.0,17.5,500.0,0.8
0.9458333333333312,0.9458333333333312,0.9458333333333312,0.9458333333333312,0.9458333333333312,0.0,0.0,-1.5776053083323376,7.136889110752716,7.0175380328645725,0.2583874062743017,7.918956475167987e-06,0.392232728461584,-4.934065311235451e-07,7.918956475167987e-06,0.392232728461584,-4.934065311235451e-07,-0.052267270346315356,0.0,17.5,500.0,0.8
0.9499999999999978,0.9499999999999978,0.9499999999999978,0.9499999999999978,0.9499999999999978,0.0,0.0,-1.5808873957937484,7.160365705501441,7.0321374852535765,0.26175781063257203,7.918956475167987e-06,0.39233856179491733,-4.934065311235451e-07,7.918956475167987e-06,0.39233856179491733,-4.934065311235451e-07,-0.05216143701298202,0.0,17.5,500.0,0.8
0.9541666666666645,0.9541666666666645,0.9541666666666645,0.9541666666666645,0.9541666666666645,0.0,0.0,-1.5856607828172502,7.193945533184816,7.053370568589495,0.26700841196313996,7.918956475167987e-06,0.3924443951282507,-4.934065311235451e-07,7.918956475167987e-06,0.3924443951282507,-4.934065311235451e-07,-0.05205560367964869,0.0,17.5,500.0,0.8
0.9583333333333311,0.958333333333331,0.958333333333331,0.958333333333331,0.958333333333331,0.0,0.0,-1.5904639358972106,7.226389733478569,7.074736057941152,0.2722940458387994,7.918956475167987e-06,0.39255022846158405,-4.934065311235451e-07,7.918956475167987e-06,0.39255022846158405,-4.934065311235451e-07,-0.05194977034631536,0.0,17.5,500.0,0.8
0.9624999999999978,0.9624999999999977,0.9624999999999977,0.9624999999999977,0.9624999999999977,0.0,0.0,-1.5960120661061303,7.260531568572725,7.099415370660717,0.279332344724521,7.918956475167987e-06,0.39265606179491735,-4.934065311235451e-07,7.918956475167987e-06,0.39265606179491735,-4.934065311235451e-07,-0.051843937012982025,0.0,17.5,500.0,0.8
0.9666666666666645,0.9666666666666646,0.9666666666666646,0.9666666666666646,0.9666666666666646,0.0,0.0,-1.5999395135616306,7.287888341290153,7.11688552732505,0.283977392907662,7.918956475167987e-06,0.3927618951282507,-4.934065311235451e-07,7.918956475167987e-06,0.3927618951282507,-4.934065311235451e-07,-0.05173810367964869,0.0,17.5,500.0,0.8
0.9708333333333311,0.9708333333333312,0.9708333333333312,0.9708333333333312,0.9708333333333312,0.0,0.0,-1.6031364289534273,7.314325268638179,7.131106115472981,0.2866732430588994,7.918956475167987e-06,0.392867728461584,-4.934065311235451e-07,7.918956475167987e-06,0.392867728461584,-4.934065311235451e-07,-0.05163227034631536,0.0,17.5,500.0,0.8
0.9749999999999978,0.9749999999999978,0.9749999999999978,0.9749999999999978,0.9749999999999978,0.0,0.0,-1.5987830789590165,7.2025571878823005,7.111741449929073,0.29560652403121357,7.918956475167987e-06,0.3929735617949174,-4.934065311235451e-07,7.918956475167987e-06,0.3929735617949174,-4.934065311235451e-07,-0.051526437012982026,0.0,17.5,500.0,0.8
0.9791666666666644,0.9791666666666644,0.9791666666666644,0.9791666666666644,0.9791666666666644,0.0,0.0,-1.6014845836839589,7.231146481582477,7.123758341640275,0.29847905443089484,7.918956475167987e-06,0.3930793951282507,-4.934065311235451e-07,7.918956475167987e-06,0.3930793951282507,-4.934065311235451e-07,-0.051420603679648694,0.0,17.5,500.0,0.8
0.9833333333333311,0.9833333333333311,0.9833333333333311,0.9833333333333311,0.9833333333333311,0.0,0.0,-1.6116280844695314,7.388589880201928,7.168878881089013,0.29528916339346706,7.918956475167987e-06,0.39318522846158405,-4.934065311235451e-07,7.918956475167987e-06,0.39318522846158405,-4.934065311235451e-07,-0.05131477034631536,0.0,17.5,500.0,0.8
0.9874999999999977,0.9874999999999977,0.9874999999999977,0.9874999999999977,0.9874999999999977,0.0,0.0,-1.6121913732962017,7.399710855711703,7.171384514623439,0.2958805365422395,7.918956475167987e-06,0.39329106179491735,-4.934065311235451e-07,7.918956475167987e-06,0.39329106179491735,-4.934065311235451e-07,-0.05120893701298203,0.0,17.5,500.0,0.8
0.9916666666666644,0.9916666666666644,0.9916666666666644,0.9916666666666644,0.9916666666666644,0.0,0.0,-1.6268868230112816,7.56669772861545,7.2367531316919465,0.29394083650984754,7.918956475167987e-06,0.3933968951282507,-4.934065311235451e-07,7.918956475167987e-06,0.3933968951282507,-4.934065311235451e-07,-0.051103103679648695,0.0,17.5,500.0,0.8
0.995833333333331,0.995833333333331,0.995833333333331,0.995833333333331,0.995833333333331,0.0,0.0,-1.622524764183225,7.523206600658292,7.217349727325972,0.2950081292259026,7.918956475167987e-06,0.393502728461584,-4.934065311235451e-07,7.918956475167987e-06,0.393502728461584,-4.934065311235451e-07,-0.05099727034631536,0.0,17.5,500.0,0.8
0.9999999999999977,0.9999999999999977,0.9999999999999977,0.9999999999999977,0.9999999999999977,0.0,0.0,-1.624829560506667,7.547395131603626,7.227601972150667,0.30655151017214766,7.918956475167987e-06,0.3936085617949174,-4.934065311235451e-07,7.918956475167987e-06,0.3936085617949174,-4.934065311235451e-07,-0.05089143701298203,0.0,17.5,500.0,0.8
1.0,1.0,1.0,1.0,1.0,0.0,0.0,-1.645156624461975,7.744413333030655,7.318021257411335,0.30620424509784183,7.918956475167987e-06,0.39360856179491743,-4.934065311235451e-07,7.918956475167987e-06,0.39360856179491743,-4.934065311235451e-07,-0.05089143701298197,0.0,17.5,500.0,0.8
